task_id,symbol,file,status
aiohttp__url_params_core__hard3_001,aiohttp.helpers.strip_auth_from_url,aiohttp/helpers.py,statically_mapped
alembic__revision_map_core__hard3_001,alembic.script.revision.Revision,alembic/script/revision.py,statically_mapped
alembic__revision_map_core__hard3_001,alembic.script.revision.RevisionMap,alembic/script/revision.py,statically_mapped
alembic__revision_map_core__hard3_001,alembic.script.revision.MultipleHeads,alembic/script/revision.py,statically_mapped
alembic__revision_map_core__hard3_001,alembic.script.revision.CycleDetected,alembic/script/revision.py,statically_mapped
alembic__revision_map_core__hard3_001,alembic.script.revision.ResolutionError,alembic/script/revision.py,statically_mapped
apscheduler__cron_trigger_core__hard3_001,apscheduler.triggers.cron.CronTrigger,src/apscheduler/triggers/cron/__init__.py,statically_mapped
arrow__parse_format_core__001,arrow.get,arrow/api.py,statically_mapped
arrow__parse_format_core__001,arrow.Arrow.format,arrow/arrow.py,statically_mapped
arrow__parse_format_core__001,arrow.Arrow.humanize,arrow/arrow.py,statically_mapped
arrow__parse_format_core__001,arrow.parser.DateTimeParser,arrow/parser.py,statically_mapped
astroid__nodes_core__001,astroid.builder.parse,astroid/builder.py,statically_mapped
astroid__nodes_core__001,astroid.rebuilder.TreeRebuilder,astroid/rebuilder.py,statically_mapped
astroid__nodes_core__001,astroid.nodes,astroid/nodes/__init__.py,statically_mapped
attrs__validators_core__001,attrs.define,attr/_next_gen.py,statically_mapped
attrs__validators_core__001,attrs.field,attr/_next_gen.py,statically_mapped
attrs__validators_core__001,attrs.validators,attrs/validators.py,statically_mapped
attrs__validators_core__001,attrs.validate,attr/_make.py,statically_mapped
attrs__validators_core__001,attr._make._AndValidator,attr/_make.py,statically_mapped
babel__plural_core__001,babel.plural.PluralRule,babel/plural.py,statically_mapped
babel__plural_core__001,babel.core.Locale,babel/core.py,statically_mapped
babel__plural_core__001,babel.core.Locale.plural_form,babel/core.py,statically_mapped
babel__plural_core__001,babel.localedata,babel/localedata.py,statically_mapped
bidict__bidirectional_map_core__001,bidict.bidict,bidict/_bidict.py,statically_mapped
bidict__bidirectional_map_core__001,bidict.frozenbidict,bidict/_frozen.py,statically_mapped
bidict__bidirectional_map_core__001,bidict.OrderedBidict,bidict/_orderedbidict.py,statically_mapped
bidict__bidirectional_map_core__001,bidict.ON_DUP_RAISE,bidict/_dup.py,statically_mapped
bidict__bidirectional_map_core__001,bidict.ValueDuplicationError,bidict/_exc.py,statically_mapped
bidict__bidirectional_map_core__001,bidict.inverted,bidict/_iter.py,statically_mapped
bleach__sanitize_core__001,bleach.clean,bleach/__init__.py,statically_mapped
bleach__sanitize_core__001,bleach.sanitizer.Cleaner,bleach/sanitizer.py,statically_mapped
blinker__signal_registry_core__001,blinker.base.Signal,src/blinker/base.py,statically_mapped
blinker__signal_registry_core__001,blinker.base.Namespace,src/blinker/base.py,statically_mapped
blinker__signal_registry_core__001,blinker.base.ANY,src/blinker/base.py,statically_mapped
boltons__iterutils_core__001,boltons.iterutils.chunked,boltons/iterutils.py,statically_mapped
boltons__iterutils_core__001,boltons.iterutils.windowed,boltons/iterutils.py,statically_mapped
boltons__iterutils_core__001,boltons.iterutils.pairwise,boltons/iterutils.py,statically_mapped
boltons__iterutils_core__001,boltons.iterutils.unique,boltons/iterutils.py,statically_mapped
boltons__iterutils_core__001,boltons.iterutils.bucketize,boltons/iterutils.py,statically_mapped
boltons__iterutils_core__001,boltons.iterutils.remap,boltons/iterutils.py,statically_mapped
boltons__iterutils_core__001,boltons.iterutils.get_path,boltons/iterutils.py,statically_mapped
build__pyproject_backend_core__hard3_001,build._builder._parse_build_system_table,,unresolved
cachetools__cache_eviction_core__001,cachetools.LRUCache,src/cachetools/__init__.py,statically_mapped
cachetools__cache_eviction_core__001,cachetools.TTLCache,src/cachetools/__init__.py,statically_mapped
cachetools__cache_eviction_core__001,cachetools.LFUCache,src/cachetools/__init__.py,statically_mapped
cachetools__cache_eviction_core__001,cachetools.cached,src/cachetools/__init__.py,statically_mapped
cachetools__cache_eviction_core__001,cachetools.keys.hashkey,src/cachetools/keys.py,statically_mapped
cachetools__cache_eviction_core__001,cachetools.keys.typedkey,src/cachetools/keys.py,statically_mapped
cattrs__structure_core__001,cattrs.Converter,cattrs/converters.py,statically_mapped
cattrs__structure_core__001,cattrs.Converter.structure,,unresolved
cattrs__structure_core__001,cattrs.Converter.unstructure,,unresolved
cattrs__structure_core__001,cattrs.structure,cattrs/__init__.py,statically_mapped
cattrs__structure_core__001,cattrs.unstructure,cattrs/__init__.py,statically_mapped
cattrs__structure_core__001,cattrs.gen.make_dict_structure_fn,cattrs/gen/__init__.py,statically_mapped
cattrs__structure_core__001,cattrs.gen.make_dict_unstructure_fn,cattrs/gen/__init__.py,statically_mapped
cattrs__structure_core__001,cattrs.gen.override,cattrs/gen/__init__.py,statically_mapped
cattrs__structure_core__001,cattrs.dispatch.MultiStrategyDispatch,cattrs/dispatch.py,statically_mapped
cattrs__structure_core__001,cattrs.errors.ClassValidationError,cattrs/errors.py,statically_mapped
celery__signal_dispatch_core__hard3_001,celery.utils.dispatch.signal.Signal,celery/utils/dispatch/signal.py,statically_mapped
cerberus__schema_validate_core__001,cerberus.Validator,cerberus/validator.py,statically_mapped
cerberus__schema_validate_core__001,cerberus.Validator.validate,,unresolved
cerberus__schema_validate_core__001,cerberus.Validator.normalized,,unresolved
cerberus__schema_validate_core__001,cerberus.Validator.document,,unresolved
cerberus__schema_validate_core__001,cerberus.Validator.errors,,unresolved
cerberus__schema_validate_core__001,cerberus.schema.DefinitionSchema,cerberus/schema.py,statically_mapped
cerberus__schema_validate_core__001,cerberus.errors.ValidationError,cerberus/errors.py,statically_mapped
cerberus__schema_validate_core__001,cerberus.errors.BasicErrorHandler,cerberus/errors.py,statically_mapped
chameleon__template_compile_core__001,chameleon.zpt.template.PageTemplate,chameleon/zpt/template.py,statically_mapped
chameleon__template_compile_core__001,chameleon.compiler.ExpressionEngine,chameleon/compiler.py,statically_mapped
chameleon__template_compile_core__001,chameleon.tal,chameleon/tal.py,statically_mapped
chameleon__template_compile_core__001,chameleon.tales,chameleon/tales.py,statically_mapped
chameleon__template_compile_core__001,chameleon.exc.TemplateError,chameleon/exc.py,statically_mapped
click__lazy_command_core__hard3_001,click.core.CommandCollection,src/click/core.py,statically_mapped
click__option_parser__001,click.command,click/decorators.py,statically_mapped
click__option_parser__001,click.group,click/decorators.py,statically_mapped
click__option_parser__001,click.option,click/decorators.py,statically_mapped
click__option_parser__001,click.argument,click/decorators.py,statically_mapped
click__option_parser__001,click.Choice,click/types.py,statically_mapped
click__option_parser__001,click.IntRange,click/types.py,statically_mapped
click__option_parser__001,click.echo,click/utils.py,statically_mapped
click__option_parser__001,click.UsageError,click/exceptions.py,statically_mapped
click__option_parser__001,click.testing.CliRunner,click/testing.py,statically_mapped
configobj__roundtrip_config_core__001,configobj.ConfigObj,configobj/__init__.py,statically_mapped
configobj__roundtrip_config_core__001,configobj.validate.Validator,configobj/validate.py,statically_mapped
configobj__roundtrip_config_core__001,configobj.flatten_errors,configobj/__init__.py,statically_mapped
configobj__roundtrip_config_core__001,configobj.get_extra_values,configobj/__init__.py,statically_mapped
cookiecutter__repo_finder_core__hard3_001,cookiecutter.repository.determine_repo_dir,cookiecutter/repository.py,statically_mapped
coverage__config_merge_core__001,coverage.config.read_coverage_config,coverage/config.py,statically_mapped
coverage__config_merge_core__001,coverage.config.CoverageConfig.from_file,coverage/config.py,statically_mapped
coverage__config_merge_core__001,coverage.config.CoverageConfig.from_args,coverage/config.py,statically_mapped
coverage__glob_matcher_core__001,coverage.files.prep_patterns,coverage/files.py,statically_mapped
coverage__glob_matcher_core__001,coverage.files.GlobMatcher,coverage/files.py,statically_mapped
coverage__glob_matcher_core__001,coverage.files.globs_to_regex,coverage/files.py,statically_mapped
coverage__path_remap_core__001,coverage.files.PathAliases.add,coverage/files.py,statically_mapped
coverage__path_remap_core__001,coverage.files.PathAliases.map,coverage/files.py,statically_mapped
coverage__report_core__001,coverage.xmlreport.XmlReporter,coverage/xmlreport.py,statically_mapped
coverage__report_core__001,coverage.xmlreport.XmlReporter.report,coverage/xmlreport.py,statically_mapped
coverage__report_core__001,coverage.xmlreport.rate,coverage/xmlreport.py,statically_mapped
coverage__report_core__001,coverage.results.Analysis,coverage/results.py,statically_mapped
coverage__source_selection_core__001,coverage.inorout.InOrOut.check_include_omit_etc,coverage/inorout.py,statically_mapped
coverage__source_selection_core__001,coverage.inorout.InOrOut.__init__,coverage/inorout.py,statically_mapped
croniter__cron_parse_core__001,croniter.croniter,croniter/croniter.py,statically_mapped
croniter__cron_parse_core__001,croniter.croniter.croniter,croniter/croniter.py,statically_mapped
croniter__cron_parse_core__001,croniter.croniter.croniter.get_next,croniter/croniter.py,statically_mapped
croniter__cron_parse_core__001,croniter.croniter.croniter.get_prev,croniter/croniter.py,statically_mapped
croniter__cron_parse_core__001,croniter.croniter.datetime_to_timestamp,croniter/croniter.py,statically_mapped
dataclasses_json__serde_core__001,dataclasses_json.dataclass_json,dataclasses_json/api.py,statically_mapped
dataclasses_json__serde_core__001,dataclasses_json.DataClassJsonMixin,dataclasses_json/api.py,statically_mapped
dataclasses_json__serde_core__001,dataclasses_json.config,dataclasses_json/cfg.py,statically_mapped
dataclasses_json__serde_core__001,dataclasses_json.LetterCase,dataclasses_json/cfg.py,statically_mapped
dataclasses_json__serde_core__001,dataclasses_json.Exclude,dataclasses_json/cfg.py,statically_mapped
dataclasses_json__serde_core__001,dataclasses_json.global_config,dataclasses_json/cfg.py,statically_mapped
dataclasses_json__serde_core__001,dataclasses_json.core._asdict,dataclasses_json/core.py,statically_mapped
dataclasses_json__serde_core__001,dataclasses_json.core._decode_dataclass,dataclasses_json/core.py,statically_mapped
dataclasses_json__serde_core__001,dataclasses_json.undefined.Undefined,dataclasses_json/undefined.py,statically_mapped
dateutil__zone_resolver_core__hard3_001,dateutil.zoneinfo.gettz,src/dateutil/zoneinfo/__init__.py,statically_mapped
decorator__signature_preserving_core__001,decorator.decorator,src/decorator.py,statically_mapped
decorator__signature_preserving_core__001,decorator.decorate,src/decorator.py,statically_mapped
deepdiff__deep_compare_core__001,deepdiff.DeepDiff,deepdiff/diff.py,statically_mapped
deepdiff__deep_compare_core__001,deepdiff.path.parse_path,deepdiff/path.py,statically_mapped
deepdiff__deep_compare_core__001,deepdiff.path.extract,deepdiff/path.py,statically_mapped
diskcache__eviction_policy_core__hard3_001,diskcache.core.Cache,diskcache/core.py,statically_mapped
distlib__wheel_metadata_core__hard3_001,distlib.wheel,distlib/wheel.py,statically_mapped
distlib__wheel_metadata_core__hard3_001,distlib.resources,distlib/resources.py,statically_mapped
dynaconf__settings_merge_core__001,dynaconf.utils.object_merge,dynaconf/utils/__init__.py,statically_mapped
dynaconf__settings_merge_core__001,dynaconf.Dynaconf,dynaconf/__init__.py,statically_mapped
dynaconf__settings_merge_core__001,dynaconf.base.LazySettings,dynaconf/base.py,statically_mapped
dynaconf__settings_merge_core__001,dynaconf.loaders.settings_loader,dynaconf/loaders/__init__.py,statically_mapped
dynaconf__settings_merge_core__001,dynaconf.loaders.env_loader,dynaconf/loaders/env_loader.py,statically_mapped
email_validator__validate_core__001,email_validator.validate_email,email_validator/validate_email.py,statically_mapped
email_validator__validate_core__001,email_validator.ValidatedEmail,email_validator/types.py,statically_mapped
email_validator__validate_core__001,email_validator.EmailNotValidError,email_validator/exceptions.py,statically_mapped
email_validator__validate_core__001,email_validator.EmailSyntaxError,email_validator/exceptions.py,statically_mapped
email_validator__validate_core__001,email_validator.syntax,email_validator/syntax.py,statically_mapped
email_validator__validate_core__001,email_validator.rfc_constants,email_validator/rfc_constants.py,statically_mapped
environs__typed_env_core__001,environs.Env,src/environs/__init__.py,statically_mapped
environs__typed_env_core__001,environs.Env.int,,unresolved
environs__typed_env_core__001,environs.Env.bool,,unresolved
environs__typed_env_core__001,environs.Env.str,,unresolved
environs__typed_env_core__001,environs.Env.list,,unresolved
environs__typed_env_core__001,environs.Env.dict,,unresolved
environs__typed_env_core__001,environs.Env.timedelta,,unresolved
environs__typed_env_core__001,environs.Env.seal,src/environs/__init__.py,statically_mapped
environs__typed_env_core__001,environs.Env.prefixed,src/environs/__init__.py,statically_mapped
environs__typed_env_core__001,environs.validate,src/environs/__init__.py,statically_mapped
environs__typed_env_core__001,environs.fields.TimeDelta,src/environs/fields.py,statically_mapped
faker__provider_core__001,faker.proxy.Faker,faker/proxy.py,statically_mapped
faker__provider_core__001,faker.factory.Factory.create,faker/factory.py,statically_mapped
faker__provider_core__001,faker.providers.person.en_US,faker/providers/person/en_US/__init__.py,statically_mapped
faker__provider_core__001,faker.providers.address.en_US,faker/providers/address/en_US/__init__.py,statically_mapped
faker__provider_core__001,faker.providers.phone_number.en_US,faker/providers/phone_number/en_US/__init__.py,statically_mapped
filelock__reentrant_lock_core__001,filelock._api.BaseFileLock,src/filelock/_api.py,statically_mapped
filelock__reentrant_lock_core__001,filelock._unix.UnixFileLock,src/filelock/_unix.py,statically_mapped
filelock__reentrant_lock_core__001,filelock._error.Timeout,src/filelock/_error.py,statically_mapped
flake8__plugin_options_core__hard3_001,flake8.options.manager.OptionManager,src/flake8/options/manager.py,statically_mapped
flake8__plugin_options_core__hard3_001,flake8.plugins.finder.Plugins,src/flake8/plugins/finder.py,statically_mapped
flask__route_dispatch_core__001,flask.app.Flask.route,,unresolved
flask__route_dispatch_core__001,flask.app.Flask.dispatch_request,src/flask/app.py,statically_mapped
flask__route_dispatch_core__001,flask.wrappers.Response,src/flask/wrappers.py,statically_mapped
fs__url_opener_core__hard3_001,fs.opener.parse.parse_fs_url,fs/opener/parse.py,statically_mapped
fs__url_opener_core__hard3_001,fs.opener.registry.Registry,fs/opener/registry.py,statically_mapped
fsspec__url_chain_core__hard3_001,fsspec.core.url_to_fs,fsspec/core.py,statically_mapped
glom__spec_eval_core__hard3_001,glom.glom,glom/core.py,statically_mapped
glom__spec_eval_core__hard3_001,glom.T,glom/core.py,statically_mapped
glom__spec_eval_core__hard3_001,glom.Coalesce,glom/core.py,statically_mapped
h11__message_parse_core__001,h11.Connection,h11/_connection.py,statically_mapped
h11__message_parse_core__001,h11.Request,h11/_events.py,statically_mapped
h11__message_parse_core__001,h11.Response,h11/_events.py,statically_mapped
h11__message_parse_core__001,h11.Data,h11/_events.py,statically_mapped
h11__message_parse_core__001,h11.EndOfMessage,h11/_events.py,statically_mapped
h2__frame_parse_core__001,hyperframe.frame.Frame.parse_frame_header,hyperframe/frame.py,statically_mapped
h2__frame_parse_core__001,hyperframe.frame.DataFrame.serialize,,unresolved
h2__frame_parse_core__001,h2.frame_buffer.FrameBuffer,h2/frame_buffer.py,statically_mapped
hatch__project_metadata_core__hard3_001,src.hatchling.metadata.core.ProjectMetadata,,unresolved
httpx__request_model_core__001,httpx.URL,httpx/_urls.py,statically_mapped
httpx__request_model_core__001,httpx.QueryParams,httpx/_urls.py,statically_mapped
httpx__request_model_core__001,httpx.Headers,httpx/_models.py,statically_mapped
httpx__request_model_core__001,httpx.Cookies,httpx/_models.py,statically_mapped
httpx__request_model_core__001,httpx.Request,httpx/_models.py,statically_mapped
httpx__request_model_core__001,httpx.Client.build_request,,unresolved
httpx__request_model_core__001,httpx._client.BaseClient._merge_url,httpx/_client.py,statically_mapped
httpx__request_model_core__001,httpx._client.BaseClient._merge_headers,httpx/_client.py,statically_mapped
httpx__request_model_core__001,httpx._client.BaseClient._merge_cookies,httpx/_client.py,statically_mapped
httpx__request_model_core__001,httpx._client.BaseClient._merge_queryparams,httpx/_client.py,statically_mapped
humanize__naturaltime_core__001,humanize.time.naturaltime,humanize/time.py,statically_mapped
humanize__naturaltime_core__001,humanize.time.naturaldelta,humanize/time.py,statically_mapped
humanize__naturaltime_core__001,humanize.time.naturaldate,humanize/time.py,statically_mapped
humanize__naturaltime_core__001,humanize.time.naturalday,humanize/time.py,statically_mapped
humanize__naturaltime_core__001,humanize.time.precisedelta,humanize/time.py,statically_mapped
importlib_metadata__entry_points_core__001,importlib_metadata.entry_points,importlib_metadata/__init__.py,statically_mapped
importlib_metadata__entry_points_core__001,importlib_metadata.EntryPoint,importlib_metadata/__init__.py,statically_mapped
importlib_metadata__entry_points_core__001,importlib_metadata.EntryPoints,importlib_metadata/__init__.py,statically_mapped
importlib_metadata__entry_points_core__001,importlib_metadata.PathDistribution,importlib_metadata/__init__.py,statically_mapped
importlib_metadata__entry_points_core__001,importlib_metadata.Sectioned,importlib_metadata/__init__.py,statically_mapped
importlib_resources__traversable_tree_core__hard3_001,importlib_resources.files,importlib_resources/_common.py,statically_mapped
importlib_resources__traversable_tree_core__hard3_001,importlib_resources.read_text,importlib_resources/_functional.py,statically_mapped
importlib_resources__traversable_tree_core__hard3_001,importlib_resources.read_binary,importlib_resources/_functional.py,statically_mapped
importlib_resources__traversable_tree_core__hard3_001,importlib_resources.abc.Traversable,importlib_resources/abc.py,statically_mapped
installer__wheel_record_core__hard3_001,installer.records.parse_record_file,src/installer/records.py,statically_mapped
intervaltree__interval_tree_core__001,intervaltree.Interval,intervaltree/interval.py,statically_mapped
intervaltree__interval_tree_core__001,intervaltree.IntervalTree,intervaltree/intervaltree.py,statically_mapped
intervaltree__interval_tree_core__001,intervaltree.IntervalTree.add,intervaltree/intervaltree.py,statically_mapped
intervaltree__interval_tree_core__001,intervaltree.IntervalTree.remove,intervaltree/intervaltree.py,statically_mapped
intervaltree__interval_tree_core__001,intervaltree.IntervalTree.discard,intervaltree/intervaltree.py,statically_mapped
intervaltree__interval_tree_core__001,intervaltree.IntervalTree.remove_overlap,intervaltree/intervaltree.py,statically_mapped
intervaltree__interval_tree_core__001,intervaltree.IntervalTree.remove_envelop,intervaltree/intervaltree.py,statically_mapped
intervaltree__interval_tree_core__001,intervaltree.IntervalTree.chop,intervaltree/intervaltree.py,statically_mapped
intervaltree__interval_tree_core__001,intervaltree.IntervalTree.overlap,intervaltree/intervaltree.py,statically_mapped
intervaltree__interval_tree_core__001,intervaltree.IntervalTree.overlaps,intervaltree/intervaltree.py,statically_mapped
intervaltree__interval_tree_core__001,intervaltree.IntervalTree.at,intervaltree/intervaltree.py,statically_mapped
intervaltree__interval_tree_core__001,intervaltree.IntervalTree.envelop,intervaltree/intervaltree.py,statically_mapped
intervaltree__interval_tree_core__001,intervaltree.node.Node,intervaltree/node.py,statically_mapped
isodate__duration_parse_core__001,isodate.parse_duration,isodate/isoduration.py,statically_mapped
isodate__duration_parse_core__001,isodate.duration_isoformat,isodate/isoduration.py,statically_mapped
isodate__duration_parse_core__001,isodate.duration.Duration,isodate/duration.py,statically_mapped
isort__settings_resolver_core__hard3_001,isort.settings.Config,isort/settings.py,statically_mapped
isort__settings_resolver_core__hard3_001,isort.settings._get_config_data,isort/settings.py,statically_mapped
isort__settings_resolver_core__hard3_001,isort.settings._find_config,isort/settings.py,statically_mapped
isort__settings_resolver_core__hard3_001,isort.settings.Config.is_skipped,isort/settings.py,statically_mapped
isort__settings_resolver_core__hard3_001,isort.profiles.profiles,isort/profiles.py,statically_mapped
itsdangerous__timed_serializer_core__001,itsdangerous.url_safe.URLSafeTimedSerializer,src/itsdangerous/url_safe.py,statically_mapped
itsdangerous__timed_serializer_core__001,itsdangerous.exc.BadSignature,src/itsdangerous/exc.py,statically_mapped
itsdangerous__timed_serializer_core__001,itsdangerous.exc.SignatureExpired,src/itsdangerous/exc.py,statically_mapped
jinja2__compile_render_core__001,jinja2.environment.Environment.from_string,src/jinja2/environment.py,statically_mapped
jinja2__compile_render_core__001,jinja2.environment.Environment.compile,src/jinja2/environment.py,statically_mapped
jinja2__compile_render_core__001,jinja2.environment.Template.render,src/jinja2/environment.py,statically_mapped
jinja2__compile_render_core__001,jinja2.compiler,src/jinja2/compiler.py,statically_mapped
jinja2__compile_render_core__001,jinja2.runtime,src/jinja2/runtime.py,statically_mapped
jinja2__extensions_core__001,jinja2.environment.load_extensions,src/jinja2/environment.py,statically_mapped
jinja2__extensions_core__001,jinja2.environment.Environment.extensions,,unresolved
jinja2__extensions_core__001,jinja2.ext.Extension,src/jinja2/ext.py,statically_mapped
jinja2__filters_tests_core__001,jinja2.filters.FILTERS,src/jinja2/filters.py,statically_mapped
jinja2__filters_tests_core__001,jinja2.tests.TESTS,src/jinja2/tests.py,statically_mapped
jinja2__filters_tests_core__001,jinja2.environment.Environment.call_filter,src/jinja2/environment.py,statically_mapped
jinja2__filters_tests_core__001,jinja2.environment.Environment.call_test,src/jinja2/environment.py,statically_mapped
jinja2__lexer_parser_core__001,jinja2.lexer.Lexer,src/jinja2/lexer.py,statically_mapped
jinja2__lexer_parser_core__001,jinja2.lexer.TokenStream,src/jinja2/lexer.py,statically_mapped
jinja2__lexer_parser_core__001,jinja2.parser.Parser,src/jinja2/parser.py,statically_mapped
jinja2__lexer_parser_core__001,jinja2.environment.Environment.lex,src/jinja2/environment.py,statically_mapped
jinja2__lexer_parser_core__001,jinja2.environment.Environment.parse,src/jinja2/environment.py,statically_mapped
jinja2__lexer_parser_core__001,jinja2.nodes,src/jinja2/nodes.py,statically_mapped
jinja2__loader_inheritance_core__001,jinja2.loaders.BaseLoader,src/jinja2/loaders.py,statically_mapped
jinja2__loader_inheritance_core__001,jinja2.loaders.DictLoader,src/jinja2/loaders.py,statically_mapped
jinja2__loader_inheritance_core__001,jinja2.environment.Environment.get_template,src/jinja2/environment.py,statically_mapped
jinja2__loader_inheritance_core__001,jinja2.environment.Template.render,src/jinja2/environment.py,statically_mapped
json5__parse_core__001,json5.loads,json5/lib.py,statically_mapped
json5__parse_core__001,json5.load,json5/lib.py,statically_mapped
json5__parse_core__001,json5.parser.Parser,json5/parser.py,statically_mapped
json_logic__evaluator_core__hard3_001,json_logic.jsonLogic,json_logic/__init__.py,statically_mapped
jsonpath_ng__expression_eval_core__001,jsonpath_ng.ext.parse,jsonpath_ng/ext/parser.py,statically_mapped
jsonpath_ng__expression_eval_core__001,jsonpath_ng.jsonpath.JSONPath.find,jsonpath_ng/jsonpath.py,statically_mapped
jsonpath_ng__expression_eval_core__001,jsonpath_ng.jsonpath.JSONPath.update,jsonpath_ng/jsonpath.py,statically_mapped
jsonpath_ng__expression_eval_core__001,jsonpath_ng.parser.JsonPathParser,jsonpath_ng/parser.py,statically_mapped
jsonpath_ng__expression_eval_core__001,jsonpath_ng.lexer.JsonPathLexer,jsonpath_ng/lexer.py,statically_mapped
jsonpointer__resolve_core__001,jsonpointer.JsonPointer,jsonpointer.py,statically_mapped
jsonpointer__resolve_core__001,jsonpointer.resolve_pointer,jsonpointer.py,statically_mapped
jsonpointer__resolve_core__001,jsonpointer.set_pointer,jsonpointer.py,statically_mapped
jsonpointer__resolve_core__001,jsonpointer.escape,jsonpointer.py,statically_mapped
jsonpointer__resolve_core__001,jsonpointer.unescape,jsonpointer.py,statically_mapped
jsonschema__validator_core__001,jsonschema.Draft202012Validator,jsonschema/validators.py,statically_mapped
jsonschema__validator_core__001,jsonschema.validate,jsonschema/validators.py,statically_mapped
jsonschema__validator_core__001,jsonschema.ValidationError,jsonschema/exceptions.py,statically_mapped
jsonschema__validator_core__001,jsonschema.SchemaError,jsonschema/exceptions.py,statically_mapped
jsonschema__validator_core__001,jsonschema.FormatChecker,jsonschema/_format.py,statically_mapped
jupyter_core__paths_resolver_core__hard3_001,jupyter_core.paths.jupyter_config_dir,jupyter_core/paths.py,statically_mapped
jupyter_core__paths_resolver_core__hard3_001,jupyter_core.paths.jupyter_data_dir,jupyter_core/paths.py,statically_mapped
jupyter_core__paths_resolver_core__hard3_001,jupyter_core.paths.jupyter_runtime_dir,jupyter_core/paths.py,statically_mapped
jupyter_core__paths_resolver_core__hard3_001,jupyter_core.paths.jupyter_path,jupyter_core/paths.py,statically_mapped
jupyter_core__paths_resolver_core__hard3_001,jupyter_core.paths.jupyter_config_path,jupyter_core/paths.py,statically_mapped
jupyter_server__extension_config_core__hard3_001,jupyter_server.extension.config.ExtensionConfigManager,jupyter_server/extension/config.py,statically_mapped
keyring__backend_select_core__hard3_001,keyring.backend.KeyringBackend,keyring/backend.py,statically_mapped
keyring__backend_select_core__hard3_001,keyring.core.get_keyring,keyring/core.py,statically_mapped
keyring__backend_select_core__hard3_001,keyring.core.load_env,keyring/core.py,statically_mapped
keyring__backend_select_core__hard3_001,keyring.core._detect_backend,keyring/core.py,statically_mapped
keyring__backend_select_core__hard3_001,keyring.backends.chainer.ChainerBackend,keyring/backends/chainer.py,statically_mapped
keyring__backend_select_core__hard3_001,keyring.backends.fail.Keyring,keyring/backends/fail.py,statically_mapped
lark__grammar_loader_core__001,lark.Lark,lark/lark.py,statically_mapped
lark__grammar_loader_core__001,lark.Lark.open,lark/lark.py,statically_mapped
lark__grammar_loader_core__001,lark.Lark.open_from_package,lark/lark.py,statically_mapped
lark__grammar_loader_core__001,lark.load_grammar.load_grammar,lark/load_grammar.py,statically_mapped
lark__parse_tree_core__001,lark.Lark,lark/lark.py,statically_mapped
lark__parse_tree_core__001,lark.Lark.parse,lark/lark.py,statically_mapped
lark__parse_tree_core__001,lark.Tree,lark/tree.py,statically_mapped
lark__parse_tree_core__001,lark.Token,lark/lexer.py,statically_mapped
lark__parse_tree_core__001,lark.exceptions.UnexpectedToken,lark/exceptions.py,statically_mapped
lark__parse_tree_core__001,lark.exceptions.UnexpectedCharacters,lark/exceptions.py,statically_mapped
lark__visitor_transform_core__001,lark.visitors.Transformer,lark/visitors.py,statically_mapped
lark__visitor_transform_core__001,lark.visitors.Visitor,lark/visitors.py,statically_mapped
lark__visitor_transform_core__001,lark.visitors.v_args,lark/visitors.py,statically_mapped
lark__visitor_transform_core__001,lark.visitors.Discard,lark/visitors.py,statically_mapped
lark__visitor_transform_core__001,lark.Lark.parse,lark/lark.py,statically_mapped
lark__visitor_transform_core__001,lark.Tree,lark/tree.py,statically_mapped
license_expression__policy_core__hard3_001,license_expression.Licensing,src/license_expression/__init__.py,statically_mapped
license_expression__policy_core__hard3_001,license_expression.LicenseSymbol,src/license_expression/__init__.py,statically_mapped
license_expression__policy_core__hard3_001,license_expression.ExpressionInfo,src/license_expression/__init__.py,statically_mapped
license_expression__policy_core__hard3_001,license_expression.ExpressionParseError,src/license_expression/__init__.py,statically_mapped
mako__lexer_expression_core__001,mako.lexer.Lexer,mako/lexer.py,statically_mapped
mako__lexer_expression_core__001,mako.lexer.Lexer.parse,mako/lexer.py,statically_mapped
mako__lexer_expression_core__001,mako.parsetree,mako/parsetree.py,statically_mapped
mako__lexer_expression_core__001,mako.ast.PythonCode,mako/ast.py,statically_mapped
mako__lexer_expression_core__001,mako.ast.PythonFragment,mako/ast.py,statically_mapped
mako__lexer_expression_core__001,mako.ast.FunctionDecl,mako/ast.py,statically_mapped
mako__lexer_expression_core__001,mako.pyparser.parse,mako/pyparser.py,statically_mapped
markdown__extensions_core__001,markdown.markdown,markdown/core.py,statically_mapped
markdown__extensions_core__001,markdown.extensions.tables.TableExtension,markdown/extensions/tables.py,statically_mapped
markdown__extensions_core__001,markdown.extensions.footnotes.FootnoteExtension,markdown/extensions/footnotes.py,statically_mapped
markdown_it__commonmark_render__001,markdown_it.MarkdownIt,markdown_it/main.py,statically_mapped
markdown_it__commonmark_render__001,markdown_it.token.Token,markdown_it/token.py,statically_mapped
markdown_it__commonmark_render__001,markdown_it.utils,markdown_it/utils.py,statically_mapped
marshmallow__schema_core__001,marshmallow.Schema,marshmallow/schema.py,statically_mapped
marshmallow__schema_core__001,marshmallow.fields,marshmallow/fields.py,statically_mapped
marshmallow__schema_core__001,marshmallow.ValidationError,marshmallow/exceptions.py,statically_mapped
marshmallow__schema_core__001,marshmallow.schema.Schema.load,marshmallow/schema.py,statically_mapped
marshmallow__schema_core__001,marshmallow.schema.Schema.dump,marshmallow/schema.py,statically_mapped
mkdocs__plugin_config_core__hard3_001,mkdocs.plugins.BasePlugin,mkdocs/plugins.py,statically_mapped
mkdocs__plugin_config_core__hard3_001,mkdocs.plugins.PluginCollection,mkdocs/plugins.py,statically_mapped
msgpack__pack_unpack_core__001,msgpack.packb,msgpack/__init__.py,statically_mapped
msgpack__pack_unpack_core__001,msgpack.unpackb,msgpack/fallback.py,statically_mapped
msgpack__pack_unpack_core__001,msgpack.Packer,msgpack/fallback.py,statically_mapped
msgpack__pack_unpack_core__001,msgpack.Unpacker,msgpack/fallback.py,statically_mapped
msgpack__pack_unpack_core__001,msgpack.ext.ExtType,msgpack/ext.py,statically_mapped
msgpack__pack_unpack_core__001,msgpack.ext.Timestamp,msgpack/ext.py,statically_mapped
msgpack__pack_unpack_core__001,msgpack.fallback,msgpack/fallback.py,statically_mapped
msgpack__pack_unpack_core__001,msgpack.exceptions,msgpack/exceptions.py,statically_mapped
multidict__multidict_mutation_core__hard3_001,multidict.MultiDict,multidict/_multidict_py.py,statically_mapped
multidict__multidict_mutation_core__hard3_001,multidict.CIMultiDict,multidict/_multidict_py.py,statically_mapped
multidict__multidict_mutation_core__hard3_001,multidict.MultiDictProxy,multidict/_multidict_py.py,statically_mapped
networkx__dag_topo_core__001,networkx.DiGraph,networkx/classes/digraph.py,statically_mapped
networkx__dag_topo_core__001,networkx.topological_sort,networkx/algorithms/dag.py,statically_mapped
networkx__dag_topo_core__001,networkx.lexicographical_topological_sort,networkx/algorithms/dag.py,statically_mapped
networkx__dag_topo_core__001,networkx.topological_generations,networkx/algorithms/dag.py,statically_mapped
networkx__dag_topo_core__001,networkx.is_directed_acyclic_graph,networkx/algorithms/dag.py,statically_mapped
networkx__dag_topo_core__001,networkx.NetworkXError,,unresolved
networkx__dag_topo_core__001,networkx.NetworkXUnfeasible,,unresolved
packaging__requirement_marker_specifier__001,packaging.version.Version,packaging/version.py,statically_mapped
packaging__requirement_marker_specifier__001,packaging.version.InvalidVersion,packaging/version.py,statically_mapped
packaging__requirement_marker_specifier__001,packaging.specifiers.Specifier,packaging/specifiers.py,statically_mapped
packaging__requirement_marker_specifier__001,packaging.specifiers.SpecifierSet,packaging/specifiers.py,statically_mapped
packaging__requirement_marker_specifier__001,packaging.specifiers.InvalidSpecifier,packaging/specifiers.py,statically_mapped
packaging__requirement_marker_specifier__001,packaging.requirements.Requirement,packaging/requirements.py,statically_mapped
packaging__requirement_marker_specifier__001,packaging.requirements.InvalidRequirement,packaging/requirements.py,statically_mapped
packaging__requirement_marker_specifier__001,packaging.markers.Marker,packaging/markers.py,statically_mapped
packaging__requirement_marker_specifier__001,packaging.markers.InvalidMarker,packaging/markers.py,statically_mapped
packaging__requirement_marker_specifier__001,packaging.markers.default_environment,packaging/markers.py,statically_mapped
parse__format_parser_core__001,parse.parse,parse.py,statically_mapped
parse__format_parser_core__001,parse.compile,parse.py,statically_mapped
parse__format_parser_core__001,parse.Parser,parse.py,statically_mapped
parse__format_parser_core__001,parse.Result,parse.py,statically_mapped
parsel__selector_namespace_core__hard3_001,parsel.selector.Selector,parsel/selector.py,statically_mapped
parso__python_parse_core__001,parso.parse,parso/__init__.py,statically_mapped
parso__python_parse_core__001,parso.load_grammar,parso/grammar.py,statically_mapped
parso__python_parse_core__001,parso.Grammar.parse,parso/grammar.py,statically_mapped
passlib__hash_context_core__001,passlib.context.CryptContext,passlib/context.py,statically_mapped
passlib__hash_context_core__001,passlib.context.LazyCryptContext,passlib/context.py,statically_mapped
passlib__hash_context_core__001,passlib.registry.get_crypt_handler,passlib/registry.py,statically_mapped
passlib__hash_context_core__001,passlib.handlers.pbkdf2,passlib/handlers/pbkdf2.py,statically_mapped
pathvalidate__sanitize_core__001,pathvalidate.sanitize_filename,pathvalidate/_filename.py,statically_mapped
pathvalidate__sanitize_core__001,pathvalidate.sanitize_filepath,pathvalidate/_filepath.py,statically_mapped
pathvalidate__sanitize_core__001,pathvalidate.validate_filename,pathvalidate/_filename.py,statically_mapped
pathvalidate__sanitize_core__001,pathvalidate.validate_filepath,pathvalidate/_filepath.py,statically_mapped
pathvalidate__sanitize_core__001,pathvalidate.is_valid_filename,pathvalidate/_filename.py,statically_mapped
pathvalidate__sanitize_core__001,pathvalidate.is_valid_filepath,pathvalidate/_filepath.py,statically_mapped
pathvalidate__sanitize_core__001,pathvalidate.Platform,pathvalidate/_const.py,statically_mapped
pathvalidate__sanitize_core__001,pathvalidate.error.ValidationError,pathvalidate/error.py,statically_mapped
pathvalidate__sanitize_core__001,pathvalidate.error.ErrorReason,pathvalidate/error.py,statically_mapped
pathvalidate__sanitize_core__001,pathvalidate.error.ReservedNameError,pathvalidate/error.py,statically_mapped
pathvalidate__sanitize_core__001,pathvalidate._filename.FileNameSanitizer,pathvalidate/_filename.py,statically_mapped
pathvalidate__sanitize_core__001,pathvalidate._filepath.FilePathSanitizer,pathvalidate/_filepath.py,statically_mapped
pendulum__parse_format_core__001,pendulum.parse,pendulum/parser.py,statically_mapped
pendulum__parse_format_core__001,pendulum.parser.parse,pendulum/parser.py,statically_mapped
pendulum__parse_format_core__001,pendulum.parsing.parse,pendulum/parsing/__init__.py,statically_mapped
pendulum__parse_format_core__001,pendulum.parsing.iso8601.parse_iso8601,pendulum/parsing/iso8601.py,statically_mapped
pendulum__parse_format_core__001,pendulum.formatting.Formatter,pendulum/formatting/formatter.py,statically_mapped
pendulum__parse_format_core__001,pendulum.duration.Duration,pendulum/duration.py,statically_mapped
pendulum__parse_format_core__001,pendulum.datetime.DateTime.format,,unresolved
phonenumbers__parse_format_core__001,phonenumbers.parse,phonenumbers/phonenumberutil.py,statically_mapped
phonenumbers__parse_format_core__001,phonenumbers.format_number,phonenumbers/phonenumberutil.py,statically_mapped
phonenumbers__parse_format_core__001,phonenumbers.PhoneNumberFormat,phonenumbers/phonenumberutil.py,statically_mapped
phonenumbers__parse_format_core__001,phonenumbers.is_valid_number,phonenumbers/phonenumberutil.py,statically_mapped
phonenumbers__parse_format_core__001,phonenumbers.phonenumberutil,phonenumbers/phonenumberutil.py,statically_mapped
platformdirs__app_dirs_core__hard3_001,platformdirs.user_data_dir,src/platformdirs/__init__.py,statically_mapped
platformdirs__app_dirs_core__hard3_001,platformdirs.user_config_dir,src/platformdirs/__init__.py,statically_mapped
platformdirs__app_dirs_core__hard3_001,platformdirs.user_cache_dir,src/platformdirs/__init__.py,statically_mapped
pluggy__hook_call_order__001,pluggy.PluginManager,pluggy/_manager.py,statically_mapped
pluggy__hook_call_order__001,pluggy.HookspecMarker,pluggy/_hooks.py,statically_mapped
pluggy__hook_call_order__001,pluggy.HookimplMarker,pluggy/_hooks.py,statically_mapped
pluggy__hook_call_order__001,pluggy.PluginValidationError,pluggy/_manager.py,statically_mapped
pluggy__hook_call_order__001,pluggy.HookCallError,pluggy/_result.py,statically_mapped
pluggy__hook_specs_core__001,pluggy.PluginManager,pluggy/_manager.py,statically_mapped
pluggy__hook_specs_core__001,pluggy.HookspecMarker,pluggy/_hooks.py,statically_mapped
pluggy__hook_specs_core__001,pluggy.HookimplMarker,pluggy/_hooks.py,statically_mapped
pluggy__hook_specs_core__001,pluggy.PluginValidationError,pluggy/_manager.py,statically_mapped
pluggy__hook_specs_core__001,pluggy.PluginManager.check_pending,pluggy/_manager.py,statically_mapped
pluggy__hook_specs_core__001,pluggy.PluginManager.add_hookspecs,pluggy/_manager.py,statically_mapped
pluggy__hook_wrapper_core__hard3_001,pluggy._hooks.HookCaller,src/pluggy/_hooks.py,statically_mapped
poetry_core__dependency_groups_core__hard3_001,poetry.core.packages.dependency_group.DependencyGroup,src/poetry/core/packages/dependency_group.py,statically_mapped
pydantic__field_validator_core__hard3_001,pydantic.functional_validators.field_validator,pydantic/functional_validators.py,statically_mapped
pydantic_settings__env_source_core__001,pydantic_settings.BaseSettings,pydantic_settings/main.py,statically_mapped
pydantic_settings__env_source_core__001,pydantic_settings.sources.EnvSettingsSource,pydantic_settings/sources/providers/env.py,statically_mapped
pydantic_settings__env_source_core__001,pydantic_settings.sources.utils.parse_env_vars,pydantic_settings/sources/utils.py,statically_mapped
pydantic_settings__env_source_core__001,pydantic_settings.SettingsConfigDict,pydantic_settings/main.py,statically_mapped
pydantic_v1__validation_error_core__001,pydantic.BaseModel,,unresolved
pydantic_v1__validation_error_core__001,pydantic.ValidationError,pydantic/error_wrappers.py,statically_mapped
pydantic_v1__validation_error_core__001,pydantic.validator,pydantic/class_validators.py,statically_mapped
pydantic_v1__validation_error_core__001,pydantic.root_validator,pydantic/class_validators.py,statically_mapped
pydantic_v1__validation_error_core__001,pydantic.Field,pydantic/fields.py,statically_mapped
pydantic_v1__validation_error_core__001,pydantic.config.Extra,pydantic/config.py,statically_mapped
pydantic_v1__validation_error_core__001,pydantic.error_wrappers.ValidationError.errors,pydantic/error_wrappers.py,statically_mapped
pygments__formatter_core__001,pygments.highlight,pygments/__init__.py,statically_mapped
pygments__formatter_core__001,pygments.formatters.html.HtmlFormatter,pygments/formatters/html.py,statically_mapped
pygments__formatter_core__001,pygments.formatter.Formatter,pygments/formatter.py,statically_mapped
pygments__formatter_core__001,pygments.style.Style,pygments/style.py,statically_mapped
pygments__formatter_core__001,pygments.lexers.get_lexer_by_name,pygments/lexers/__init__.py,statically_mapped
pygments__lexer_core__001,pygments.lex,pygments/__init__.py,statically_mapped
pygments__lexer_core__001,pygments.lexer.Lexer,pygments/lexer.py,statically_mapped
pygments__lexer_core__001,pygments.lexer.RegexLexer,pygments/lexer.py,statically_mapped
pygments__lexer_core__001,pygments.lexers.get_lexer_by_name,pygments/lexers/__init__.py,statically_mapped
pygments__lexer_core__001,pygments.lexers.python.PythonLexer,pygments/lexers/python.py,statically_mapped
pygments__lexer_core__001,pygments.token,pygments/token.py,statically_mapped
pyramid__configurator_action_core__hard3_001,pyramid.config.actions.ActionConfiguratorMixin,src/pyramid/config/actions.py,statically_mapped
pytest__fixture_resolve_core__001,_pytest.fixtures.getfixturemarker,src/_pytest/fixtures.py,statically_mapped
pytest__fixture_resolve_core__001,_pytest.fixtures.FixtureManager.getfixtureclosure,src/_pytest/fixtures.py,statically_mapped
pytest__fixture_resolve_core__001,_pytest.fixtures.FixtureManager.getfixturedefs,src/_pytest/fixtures.py,statically_mapped
pytest__fixture_resolve_core__001,_pytest.fixtures.deduplicate_names,src/_pytest/fixtures.py,statically_mapped
pytest__fixture_resolve_core__001,_pytest.fixtures.FixtureLookupError,src/_pytest/fixtures.py,statically_mapped
pytest__ini_markers_core__001,_pytest.config.Config.getini,src/_pytest/config/__init__.py,statically_mapped
pytest__ini_markers_core__001,_pytest.config.Config.addinivalue_line,src/_pytest/config/__init__.py,statically_mapped
pytest__ini_markers_core__001,_pytest.mark.__init__.pytest_addoption,,unresolved
pytest__mark_expression_core__001,_pytest.mark.expression.Expression,src/_pytest/mark/expression.py,statically_mapped
pytest__mark_expression_core__001,_pytest.mark.expression.Expression.compile,src/_pytest/mark/expression.py,statically_mapped
pytest__mark_expression_core__001,_pytest.mark.expression.Expression.evaluate,src/_pytest/mark/expression.py,statically_mapped
pytest__marker_registry_core__hard3_001,_pytest.mark.structures.Mark,src/_pytest/mark/structures.py,statically_mapped
pytest__skipif_eval_core__001,_pytest.skipping.evaluate_condition,src/_pytest/skipping.py,statically_mapped
python_box__config_box_core__001,box.config_box.ConfigBox,box/config_box.py,statically_mapped
python_box__config_box_core__001,box.box.Box,box/box.py,statically_mapped
python_dateutil__relativedelta_core__001,dateutil.relativedelta.relativedelta,dateutil/relativedelta.py,statically_mapped
python_dateutil__relativedelta_core__001,dateutil.relativedelta.weekday,dateutil/_common.py,statically_mapped
python_dateutil__relativedelta_core__001,dateutil._common.weekday,dateutil/_common.py,statically_mapped
python_dateutil__rrule_core__001,dateutil.rrule.rrule,dateutil/rrule.py,statically_mapped
python_dateutil__rrule_core__001,dateutil.rrule.rruleset,dateutil/rrule.py,statically_mapped
python_dateutil__rrule_core__001,dateutil.rrule.rrulestr,dateutil/rrule.py,statically_mapped
python_dateutil__rrule_core__001,dateutil.rrule.weekday,dateutil/rrule.py,statically_mapped
python_dateutil__rrule_core__001,dateutil.easter.easter,dateutil/easter.py,statically_mapped
python_decouple__config_repository_core__001,decouple.Config,decouple.py,statically_mapped
python_decouple__config_repository_core__001,decouple.RepositoryEnv,decouple.py,statically_mapped
python_decouple__config_repository_core__001,decouple.RepositoryEmpty,decouple.py,statically_mapped
python_decouple__config_repository_core__001,decouple.Csv,decouple.py,statically_mapped
python_decouple__config_repository_core__001,decouple.Choices,decouple.py,statically_mapped
python_dotenv__env_parse_core__001,dotenv.dotenv_values,src/dotenv/main.py,statically_mapped
python_dotenv__env_parse_core__001,dotenv.set_key,src/dotenv/main.py,statically_mapped
python_dotenv__env_parse_core__001,dotenv.get_key,src/dotenv/main.py,statically_mapped
python_dotenv__env_parse_core__001,dotenv.parser.parse_stream,src/dotenv/parser.py,statically_mapped
python_dotenv__env_parse_core__001,dotenv.variables.parse_variables,src/dotenv/variables.py,statically_mapped
python_dotenv__env_parse_core__001,dotenv.main.DotEnv,src/dotenv/main.py,statically_mapped
python_frontmatter__roundtrip_core__001,frontmatter.parse,frontmatter/__init__.py,statically_mapped
python_frontmatter__roundtrip_core__001,frontmatter.load,frontmatter/__init__.py,statically_mapped
python_frontmatter__roundtrip_core__001,frontmatter.loads,frontmatter/__init__.py,statically_mapped
python_frontmatter__roundtrip_core__001,frontmatter.dump,frontmatter/__init__.py,statically_mapped
python_frontmatter__roundtrip_core__001,frontmatter.dumps,frontmatter/__init__.py,statically_mapped
python_frontmatter__roundtrip_core__001,frontmatter.checks,frontmatter/__init__.py,statically_mapped
python_frontmatter__roundtrip_core__001,frontmatter.Post,frontmatter/__init__.py,statically_mapped
python_frontmatter__roundtrip_core__001,frontmatter.default_handlers.YAMLHandler,frontmatter/default_handlers.py,statically_mapped
python_multipart__form_parse_core__001,python_multipart.multipart.FormParser,python_multipart/multipart.py,statically_mapped
python_multipart__form_parse_core__001,python_multipart.multipart.MultipartParser,python_multipart/multipart.py,statically_mapped
python_multipart__form_parse_core__001,python_multipart.multipart.Field,python_multipart/multipart.py,statically_mapped
python_multipart__form_parse_core__001,python_multipart.multipart.File,python_multipart/multipart.py,statically_mapped
python_multipart__form_parse_core__001,python_multipart.multipart.parse_form,python_multipart/multipart.py,statically_mapped
python_multipart__form_parse_core__001,python_multipart.multipart.create_form_parser,python_multipart/multipart.py,statically_mapped
python_multipart__form_parse_core__001,python_multipart.multipart.parse_options_header,python_multipart/multipart.py,statically_mapped
python_multipart__form_parse_core__001,python_multipart.decoders.Base64Decoder,python_multipart/decoders.py,statically_mapped
python_multipart__form_parse_core__001,python_multipart.decoders.QuotedPrintableDecoder,python_multipart/decoders.py,statically_mapped
pyyaml__safe_load_dump__001,yaml.safe_load,yaml/__init__.py,statically_mapped
pyyaml__safe_load_dump__001,yaml.safe_load_all,yaml/__init__.py,statically_mapped
pyyaml__safe_load_dump__001,yaml.safe_dump,yaml/__init__.py,statically_mapped
pyyaml__safe_load_dump__001,yaml.safe_dump_all,yaml/__init__.py,statically_mapped
pyyaml__safe_load_dump__001,yaml.YAMLError,,unresolved
pyyaml__safe_load_dump__001,yaml.constructor.ConstructorError,yaml/constructor.py,statically_mapped
readme_renderer__content_type_core__hard3_001,readme_renderer.markdown.render,readme_renderer/markdown.py,statically_mapped
redis__resp_parser_core__001,redis._parsers._RESP2Parser,redis/_parsers/resp2.py,statically_mapped
redis__resp_parser_core__001,redis._parsers._RESP3Parser,redis/_parsers/resp3.py,statically_mapped
redis__resp_parser_core__001,redis._parsers.Encoder,redis/_parsers/encoders.py,statically_mapped
redis__resp_parser_core__001,redis._parsers.SocketBuffer,,unresolved
referencing__json_schema_refs_core__001,referencing.Registry,referencing/_core.py,statically_mapped
referencing__json_schema_refs_core__001,referencing.Registry.resolver,referencing/_core.py,statically_mapped
referencing__json_schema_refs_core__001,referencing.jsonschema.DRAFT202012,referencing/jsonschema.py,statically_mapped
referencing__json_schema_refs_core__001,referencing.jsonschema.lookup_recursive_ref,referencing/jsonschema.py,statically_mapped
requests_cache__cache_key_core__hard3_001,requests_cache.cache_keys.create_key,requests_cache/cache_keys.py,statically_mapped
requests_cache__cache_key_core__hard3_001,requests_cache.cache_keys.normalize_url,requests_cache/cache_keys.py,statically_mapped
requests_cache__cache_key_core__hard3_001,requests_cache.cache_keys.normalize_body,requests_cache/cache_keys.py,statically_mapped
requests_cache__cache_key_core__hard3_001,requests_cache.policy.expiration.get_expiration_datetime,requests_cache/policy/expiration.py,statically_mapped
requests_cache__cache_key_core__hard3_001,requests_cache.policy.directives.CacheDirectives,requests_cache/policy/directives.py,statically_mapped
responses__request_matcher_core__hard3_001,responses.matchers,responses/matchers.py,statically_mapped
responses__request_matcher_core__hard3_001,responses.registries.FirstMatchRegistry,responses/registries.py,statically_mapped
returns__result_pipeline_core__hard3_001,returns.result.Success,returns/result.py,statically_mapped
returns__result_pipeline_core__hard3_001,returns.pipeline.safe,,unresolved
rfc3986__uri_parse_core__001,rfc3986.uri_reference,rfc3986/api.py,statically_mapped
rfc3986__uri_parse_core__001,rfc3986.normalize_uri,rfc3986/api.py,statically_mapped
rfc3986__uri_parse_core__001,rfc3986.is_valid_uri,rfc3986/api.py,statically_mapped
rfc3986__uri_parse_core__001,rfc3986.builder.URIBuilder,rfc3986/builder.py,statically_mapped
rich__markup_parse_core__001,rich.markup.render,rich/markup.py,statically_mapped
rich__markup_parse_core__001,rich.markup.escape,rich/markup.py,statically_mapped
rich__markup_parse_core__001,rich.text.Text.from_markup,rich/text.py,statically_mapped
rich__markup_parse_core__001,rich.errors.MarkupError,rich/errors.py,statically_mapped
ruamel_yaml__roundtrip_core__001,ruamel.yaml.round_trip_load,,unresolved
ruamel_yaml__roundtrip_core__001,ruamel.yaml.round_trip_dump,,unresolved
ruamel_yaml__roundtrip_core__001,ruamel.yaml.YAML,,unresolved
schema__nested_validate_core__hard3_001,schema.Schema,schema/__init__.py,statically_mapped
scrapy__item_loader_core__hard3_001,scrapy.loader.ItemLoader,scrapy/loader/__init__.py,statically_mapped
scrapy__item_loader_core__hard3_001,scrapy.item.Item,scrapy/item.py,statically_mapped
setuptools_scm__version_normalize_core__hard3_001,src.setuptools_scm._get_version.get_version,,unresolved
sortedcontainers__sorted_list_core__001,sortedcontainers.SortedList,sortedcontainers/sortedlist.py,statically_mapped
sortedcontainers__sorted_list_core__001,sortedcontainers.SortedList.add,sortedcontainers/sortedlist.py,statically_mapped
sortedcontainers__sorted_list_core__001,sortedcontainers.SortedList.discard,sortedcontainers/sortedlist.py,statically_mapped
sortedcontainers__sorted_list_core__001,sortedcontainers.SortedList.remove,sortedcontainers/sortedlist.py,statically_mapped
sortedcontainers__sorted_list_core__001,sortedcontainers.SortedList.bisect_left,sortedcontainers/sortedlist.py,statically_mapped
sortedcontainers__sorted_list_core__001,sortedcontainers.SortedList.bisect_right,sortedcontainers/sortedlist.py,statically_mapped
sortedcontainers__sorted_list_core__001,sortedcontainers.SortedList.irange,sortedcontainers/sortedlist.py,statically_mapped
sortedcontainers__sorted_list_core__001,sortedcontainers.SortedList.islice,sortedcontainers/sortedlist.py,statically_mapped
sortedcontainers__sorted_list_core__001,sortedcontainers.SortedList._check,sortedcontainers/sortedlist.py,statically_mapped
sortedcontainers__sorted_list_core__001,sortedcontainers.SortedList._reset,sortedcontainers/sortedlist.py,statically_mapped
sphinx__extension_registry_core__hard3_001,sphinx.registry.SphinxComponentRegistry,,unresolved
sqlalchemy__event_dispatch_core__hard3_001,sqlalchemy.event.listen,lib/sqlalchemy/event/api.py,statically_mapped
sqlalchemy__event_dispatch_core__hard3_001,sqlalchemy.event.remove,lib/sqlalchemy/event/api.py,statically_mapped
sqlparse__format_filters_core__001,sqlparse.format,sqlparse/__init__.py,statically_mapped
sqlparse__parse_format_core__001,sqlparse.parse,sqlparse/__init__.py,statically_mapped
sqlparse__parse_format_core__001,sqlparse.parsestream,sqlparse/__init__.py,statically_mapped
sqlparse__parse_format_core__001,sqlparse.split,sqlparse/__init__.py,statically_mapped
sqlparse__parse_format_core__001,sqlparse.format,sqlparse/__init__.py,statically_mapped
sqlparse__parse_format_core__001,sqlparse.sql.Token,sqlparse/sql.py,statically_mapped
sqlparse__parse_format_core__001,sqlparse.sql.TokenList,sqlparse/sql.py,statically_mapped
sqlparse__parse_format_core__001,sqlparse.sql.Statement,sqlparse/sql.py,statically_mapped
sqlparse__parse_format_core__001,sqlparse.sql.Identifier,sqlparse/sql.py,statically_mapped
sqlparse__parse_format_core__001,sqlparse.sql.IdentifierList,sqlparse/sql.py,statically_mapped
sqlparse__parse_format_core__001,sqlparse.tokens,sqlparse/tokens.py,statically_mapped
sqlparse__parse_split_core__001,sqlparse.parse,sqlparse/__init__.py,statically_mapped
sqlparse__parse_split_core__001,sqlparse.parsestream,sqlparse/__init__.py,statically_mapped
sqlparse__parse_split_core__001,sqlparse.split,sqlparse/__init__.py,statically_mapped
sqlparse__token_tree_core__001,sqlparse.parse,sqlparse/__init__.py,statically_mapped
sqlparse__token_tree_core__001,sqlparse.parsestream,sqlparse/__init__.py,statically_mapped
sqlparse__token_tree_core__001,sqlparse.sql.Token,sqlparse/sql.py,statically_mapped
sqlparse__token_tree_core__001,sqlparse.sql.TokenList,sqlparse/sql.py,statically_mapped
sqlparse__token_tree_core__001,sqlparse.sql.Statement,sqlparse/sql.py,statically_mapped
sqlparse__token_tree_core__001,sqlparse.sql.Identifier,sqlparse/sql.py,statically_mapped
sqlparse__token_tree_core__001,sqlparse.sql.IdentifierList,sqlparse/sql.py,statically_mapped
sqlparse__token_tree_core__001,sqlparse.tokens,sqlparse/tokens.py,statically_mapped
starlette__route_matching_core__hard3_001,starlette.routing.Route,starlette/routing.py,statically_mapped
starlette__route_matching_core__hard3_001,starlette.routing.Router,starlette/routing.py,statically_mapped
stevedore__extension_manager_core__hard3_001,stevedore.extension.ExtensionManager,stevedore/extension.py,statically_mapped
stevedore__extension_manager_core__hard3_001,stevedore.extension.Extension,stevedore/extension.py,statically_mapped
stevedore__extension_manager_core__hard3_001,stevedore.extension.ignore_conflicts,stevedore/extension.py,statically_mapped
stevedore__extension_manager_core__hard3_001,stevedore.extension.error_on_conflict,stevedore/extension.py,statically_mapped
stevedore__extension_manager_core__hard3_001,stevedore.named.NamedExtensionManager,stevedore/named.py,statically_mapped
tabulate__table_format_core__001,tabulate.tabulate,tabulate/__init__.py,statically_mapped
tabulate__table_format_core__001,tabulate.tabulate_formats,tabulate/__init__.py,statically_mapped
tabulate__table_format_core__001,tabulate.simple_separated_format,tabulate/__init__.py,statically_mapped
tabulate__table_format_core__001,tabulate._visible_width,tabulate/__init__.py,statically_mapped
tabulate__table_format_core__001,tabulate._align_column,tabulate/__init__.py,statically_mapped
tabulate__table_format_core__001,tabulate._format_table,tabulate/__init__.py,statically_mapped
tabulate__table_format_core__001,tabulate._normalize_tabular_data,tabulate/__init__.py,statically_mapped
tabulate__table_format_core__001,tabulate._table_formats,tabulate/__init__.py,statically_mapped
tenacity__retry_state_core__hard3_001,tenacity.Retrying,tenacity/__init__.py,statically_mapped
tenacity__retry_state_core__hard3_001,tenacity.RetryCallState,tenacity/__init__.py,statically_mapped
tenacity__retry_state_core__hard3_001,tenacity.retry.retry_if_exception_type,tenacity/retry.py,statically_mapped
tenacity__retry_state_core__hard3_001,tenacity.retry.retry_if_result,tenacity/retry.py,statically_mapped
tenacity__retry_state_core__hard3_001,tenacity.stop.stop_after_attempt,tenacity/stop.py,statically_mapped
tenacity__retry_state_core__hard3_001,tenacity.wait.wait_fixed,tenacity/wait.py,statically_mapped
tenacity__retry_state_core__hard3_001,tenacity.wait.wait_chain,tenacity/wait.py,statically_mapped
tomlkit__roundtrip_document__001,tomlkit.parse,tomlkit/api.py,statically_mapped
tomlkit__roundtrip_document__001,tomlkit.loads,tomlkit/api.py,statically_mapped
tomlkit__roundtrip_document__001,tomlkit.dumps,tomlkit/api.py,statically_mapped
tomlkit__roundtrip_document__001,tomlkit.document,tomlkit/api.py,statically_mapped
tomlkit__roundtrip_document__001,tomlkit.table,tomlkit/api.py,statically_mapped
tomlkit__roundtrip_document__001,tomlkit.inline_table,tomlkit/api.py,statically_mapped
tomlkit__roundtrip_document__001,tomlkit.array,tomlkit/api.py,statically_mapped
tomlkit__roundtrip_document__001,tomlkit.aot,tomlkit/api.py,statically_mapped
tomlkit__roundtrip_document__001,tomlkit.string,tomlkit/api.py,statically_mapped
tomlkit__roundtrip_document__001,tomlkit.item,tomlkit/items.py,statically_mapped
tomlkit__roundtrip_document__001,tomlkit.exceptions.ParseError,tomlkit/exceptions.py,statically_mapped
tox__factor_expression_core__hard3_001,tox.config.loader.ini.factor.filter_for_env,src/tox/config/loader/ini/factor.py,statically_mapped
trafaret__validation_rules_core__hard3_001,trafaret.Dict,trafaret/base.py,statically_mapped
trafaret__validation_rules_core__hard3_001,trafaret.Or,trafaret/base.py,statically_mapped
trafaret__validation_rules_core__hard3_001,trafaret.Forward,trafaret/base.py,statically_mapped
transitions__state_machine_core__hard3_001,transitions.Machine,transitions/core.py,statically_mapped
transitions__state_machine_core__hard3_001,transitions.MachineError,transitions/core.py,statically_mapped
typer__command_parser_core__001,typer.Typer,typer/main.py,statically_mapped
typer__command_parser_core__001,typer.run,typer/main.py,statically_mapped
typer__command_parser_core__001,typer.testing.CliRunner,typer/testing.py,statically_mapped
typer__command_parser_core__001,typer.Argument,typer/params.py,statically_mapped
typer__command_parser_core__001,typer.Option,typer/params.py,statically_mapped
urllib3__retry_backoff_core__001,urllib3.util.retry.Retry,src/urllib3/util/retry.py,statically_mapped
urllib3__retry_backoff_core__001,urllib3.util.retry.RequestHistory,src/urllib3/util/retry.py,statically_mapped
urllib3__retry_backoff_core__001,urllib3.util.retry.Retry.get_backoff_time,src/urllib3/util/retry.py,statically_mapped
urllib3__retry_backoff_core__001,urllib3.util.retry.Retry.is_retry,src/urllib3/util/retry.py,statically_mapped
urllib3__retry_backoff_core__001,urllib3.util.retry.Retry.increment,src/urllib3/util/retry.py,statically_mapped
urllib3__retry_backoff_core__001,urllib3.util.retry.Retry.parse_retry_after,src/urllib3/util/retry.py,statically_mapped
urllib3__retry_backoff_core__001,urllib3.exceptions.MaxRetryError,src/urllib3/exceptions.py,statically_mapped
virtualenv__interpreter_spec_core__hard3_001,virtualenv.discovery.discover.Discover,src/virtualenv/discovery/discover.py,statically_mapped
voluptuous__schema_validate_core__001,voluptuous.Schema,,unresolved
voluptuous__schema_validate_core__001,voluptuous.Required,,unresolved
voluptuous__schema_validate_core__001,voluptuous.Optional,,unresolved
voluptuous__schema_validate_core__001,voluptuous.validators.All,voluptuous/validators.py,statically_mapped
voluptuous__schema_validate_core__001,voluptuous.validators.Any,voluptuous/validators.py,statically_mapped
voluptuous__schema_validate_core__001,voluptuous.validators.In,voluptuous/validators.py,statically_mapped
voluptuous__schema_validate_core__001,voluptuous.validators.Coerce,voluptuous/validators.py,statically_mapped
voluptuous__schema_validate_core__001,voluptuous.error.MultipleInvalid,voluptuous/error.py,statically_mapped
websockets__handshake_parse_core__001,websockets.headers.parse_connection,websockets/headers.py,statically_mapped
websockets__handshake_parse_core__001,websockets.headers.parse_upgrade,websockets/headers.py,statically_mapped
websockets__handshake_parse_core__001,websockets.headers.parse_extension,websockets/headers.py,statically_mapped
websockets__handshake_parse_core__001,websockets.headers.parse_subprotocol,websockets/headers.py,statically_mapped
websockets__handshake_parse_core__001,websockets.http11.Request.parse,websockets/http11.py,statically_mapped
websockets__handshake_parse_core__001,websockets.http11.Response.parse,websockets/http11.py,statically_mapped
websockets__handshake_parse_core__001,websockets.datastructures.Headers,websockets/datastructures.py,statically_mapped
websockets__handshake_parse_core__001,websockets.server.ServerProtocol.process_request,websockets/server.py,statically_mapped
websockets__handshake_parse_core__001,websockets.utils.accept_key,websockets/utils.py,statically_mapped
werkzeug__routing_core__001,werkzeug.routing.Map,werkzeug/routing/map.py,statically_mapped
werkzeug__routing_core__001,werkzeug.routing.Rule,werkzeug/routing/rules.py,statically_mapped
werkzeug__routing_core__001,werkzeug.routing.MapAdapter,werkzeug/routing/map.py,statically_mapped
werkzeug__routing_core__001,werkzeug.routing.Subdomain,werkzeug/routing/rules.py,statically_mapped
werkzeug__routing_core__001,werkzeug.routing.Submount,werkzeug/routing/rules.py,statically_mapped
wheel__metadata_normalize_core__hard3_001,wheel._metadata.safe_name,src/wheel/_metadata.py,statically_mapped
wheel__metadata_normalize_core__hard3_001,wheel.wheelfile.WheelFile,src/wheel/wheelfile.py,statically_mapped
wsproto__frame_parse_core__001,wsproto.frame_protocol.FrameProtocol,wsproto/frame_protocol.py,statically_mapped
wsproto__frame_parse_core__001,wsproto.frame_protocol.Opcode,wsproto/frame_protocol.py,statically_mapped
wsproto__frame_parse_core__001,wsproto.frame_protocol.ParseFailed,wsproto/frame_protocol.py,statically_mapped
xmltodict__xml_parse_core__001,xmltodict.parse,xmltodict.py,statically_mapped
xmltodict__xml_parse_core__001,xmltodict.unparse,xmltodict.py,statically_mapped
xmltodict__xml_parse_core__001,xmltodict.ParsingInterrupted,xmltodict.py,statically_mapped
xmltodict__xml_parse_core__001,xmltodict._DictSAXHandler,xmltodict.py,statically_mapped
xmltodict__xml_parse_core__001,xmltodict._emit,xmltodict.py,statically_mapped
xmltodict__xml_parse_core__001,xmltodict._process_namespace,xmltodict.py,statically_mapped
yamale__schema_validate_core__hard3_001,yamale.make_schema,yamale/yamale.py,statically_mapped
yamale__schema_validate_core__hard3_001,yamale.validate,yamale/yamale.py,statically_mapped
yarl__url_model_core__001,yarl.URL,yarl/_url.py,statically_mapped
yarl__url_model_core__001,yarl._parse.split_url,yarl/_parse.py,statically_mapped
yarl__url_model_core__001,yarl._path.normalize_path,yarl/_path.py,statically_mapped
yarl__url_model_core__001,yarl._query.get_str_query,yarl/_query.py,statically_mapped
yarl__url_model_core__001,yarl._quoters.QUOTER,yarl/_quoters.py,statically_mapped
yarl__url_model_core__001,yarl._url.URL.join,yarl/_url.py,statically_mapped
yarl__url_model_core__001,yarl._url.URL.with_query,yarl/_url.py,statically_mapped
yarl__url_model_core__001,yarl._url.URL.update_query,yarl/_url.py,statically_mapped
yarl__url_model_core__001,yarl._url.URL.joinpath,yarl/_url.py,statically_mapped
