suite_id,task_id,model,suite_split,lift_type,feature_family,evidence_eligibility,functional_pass,first_failure_stage,audit_failure_class,root_cause_primary,secondary_tags,contract_clause_ids,context_violation,review_status,annotator,adjudicated,evidence_summary,evidence_path,validity_reason
python200-hard-main-20260829,click__lazy_command_core__hard3_001,deepseek/deepseek-v4-flash,python150,Adapted,registry_plugin_dispatch,benchmark_invalid_candidate,False,public_failure,public_behavior,task_or_evaluator_defect,undeclared_api,,False,assistant_first_pass,codex_assistant,False,首败来自未在公开契约中出现的 invoke 方法,experiments/python/openhands/deepseek-v4-flash/python200-hard-main-20260829/click__lazy_command_core__hard3_001/eval/logs/public.stdout,运行时 TASK 只声明 get_command 和 resolve 而 evaluator 调用 invoke
python200-hard-main-20260829,hatch__project_metadata_core__hard3_001,deepseek/deepseek-v4-flash,python150,Adapted,resource_metadata_loading,benchmark_invalid_candidate,False,public_failure,public_behavior,task_or_evaluator_defect,undeclared_normalization_rule,,True,assistant_first_pass,codex_assistant,False,提交满足字面小写要求但测试增加了未公开的 separator canonicalization,experiments/python/openhands/deepseek-v4-flash/python200-hard-main-20260829/hatch__project_metadata_core__hard3_001/eval/logs/public.stdout,TASK 只要求 lowercases names 而 evaluator 额外要求空格转连字符
python200-hard-main-20260829,hydra_core__compose_initialize_core__001,deepseek/deepseek-v4-flash,hard50,Composite,registry_plugin_dispatch,benchmark_invalid_candidate,False,public_failure,public_behavior,task_or_evaluator_defect,test_harness_state,B001;B002;B004,True,assistant_first_pass,codex_assistant,False,失败发生在 public test 准备阶段且尚未调用提交实现,experiments/python/openhands/deepseek-v4-flash/python200-hard-main-20260829/hydra_core__compose_initialize_core__001/eval/logs/public.stdout,旧 public test 在调用提交前创建固定目录并因残留目录失败；当前冻结题已改为只读 fixture
python200-hard-main-20260829,parsel__selector_namespace_core__hard3_001,deepseek/deepseek-v4-flash,python150,Adapted,parse_tokenize_decode,benchmark_invalid_candidate,False,public_failure,public_behavior,task_or_evaluator_defect,undeclared_api;post_run_task_fixed,,True,assistant_first_pass,codex_assistant,False,当前 TASK 已在实验后补入 get/getall,experiments/python/openhands/deepseek-v4-flash/python200-hard-main-20260829/parsel__selector_namespace_core__hard3_001/eval/logs/public.stdout,运行时 TASK 未声明 Selector.get/getall 而 evaluator 调用 get
python200-hard-main-20260829,paste__dispatch_map_core__001,deepseek/deepseek-v4-flash,hard50,Adapted,registry_plugin_dispatch,benchmark_invalid_candidate,False,public_failure,public_behavior,task_or_evaluator_defect,undeclared_response_body,,False,assistant_first_pass,codex_assistant,False,提交已经返回 404 状态但测试增加了未公开的正文格式要求,experiments/python/openhands/deepseek-v4-flash/python200-hard-main-20260829/paste__dispatch_map_core__001/eval/logs/public.stdout,TASK 只要求 HTTP 404 status 而 evaluator 要求正文含字面量 404
python200-hard-main-20260829,pluggy__hook_wrapper_core__hard3_001,deepseek/deepseek-v4-flash,python150,Adapted,registry_plugin_dispatch,benchmark_invalid_candidate,False,public_failure,public_behavior,task_or_evaluator_defect,undeclared_api,,False,assistant_first_pass,codex_assistant,False,首败直接调用未公开的 call_historic,experiments/python/openhands/deepseek-v4-flash/python200-hard-main-20260829/pluggy__hook_wrapper_core__hard3_001/eval/logs/public.stdout,运行时 TASK 未声明 call_historic 及其签名
python200-hard-main-20260829,pytest__ini_markers_core__001,deepseek/deepseek-v4-flash,python150,Composite,config_resolve_discover,benchmark_invalid_candidate,False,public_failure,public_behavior,task_or_evaluator_defect,undeclared_api;post_run_task_fixed,,False,assistant_first_pass,codex_assistant,False,当前 TASK 已在实验后补入 from_lines,experiments/python/openhands/deepseek-v4-flash/python200-hard-main-20260829/pytest__ini_markers_core__001/eval/logs/public.stdout,运行时 TASK 未声明 from_lines 而 evaluator 调用该方法
python200-hard-main-20260829,readme_renderer__content_type_core__hard3_001,deepseek/deepseek-v4-flash,python150,Adapted,serialize_format_render,benchmark_invalid_candidate,False,public_failure,public_behavior,task_or_evaluator_defect,undeclared_output_marker,,False,assistant_first_pass,codex_assistant,False,标题已经渲染为 h1 但测试使用与公开行为不对应的字面标记,experiments/python/openhands/deepseek-v4-flash/python200-hard-main-20260829/readme_renderer__content_type_core__hard3_001/eval/logs/public.stdout,TASK 只要求选择 Markdown renderer 而 evaluator 要求输出含 markdown 字样
python200-hard-main-20260829,authlib__oauth2_server_core__001,deepseek/deepseek-v4-flash,hard50,Adapted,workflow_session_orchestration,infrastructure_invalid,False,build_failure,dependency_install_infrastructure,infrastructure,dependency_install_infrastructure,,False,automatic,rule_based,False,"dependency install failed: ERROR: Could not find a version that satisfies the requirement cffi==2.1.1 (from versions: 1.17.1)
ERROR: No matching distribution found for cffi==2.1.1",experiments/python/openhands/deepseek-v4-flash/python200-hard-main-20260829/authlib__oauth2_server_core__001/eval/logs/dependency_install.stderr,"dependency install failed: ERROR: Could not find a version that satisfies the requirement cffi==2.1.1 (from versions: 1.17.1)
ERROR: No matching distribution found for cffi==2.1.1"
python200-hard-main-20260829,betamax__cassette_match_core__001,deepseek/deepseek-v4-flash,hard50,Direct,resource_metadata_loading,infrastructure_invalid,False,build_failure,dependency_install_infrastructure,infrastructure,dependency_install_infrastructure,,False,automatic,rule_based,False,"dependency install failed: ERROR: Could not find a version that satisfies the requirement charset-normalizer==3.5.1 (from versions: 3.4.7)
ERROR: No matching distribution found for charset-normalizer==3.5.1",experiments/python/openhands/deepseek-v4-flash/python200-hard-main-20260829/betamax__cassette_match_core__001/eval/logs/dependency_install.stderr,"dependency install failed: ERROR: Could not find a version that satisfies the requirement charset-normalizer==3.5.1 (from versions: 3.4.7)
ERROR: No matching distribution found for charset-normalizer==3.5.1"
python200-hard-main-20260829,connexion__openapi_resolver_core__001,deepseek/deepseek-v4-flash,hard50,Composite,registry_plugin_dispatch,infrastructure_invalid,False,build_failure,dependency_install_infrastructure,infrastructure,dependency_install_infrastructure,,False,automatic,rule_based,False,"dependency install failed: ERROR: Could not find a version that satisfies the requirement rpds-py==2026.6.3 (from versions: 0.20.0)
ERROR: No matching distribution found for rpds-py==2026.6.3",experiments/python/openhands/deepseek-v4-flash/python200-hard-main-20260829/connexion__openapi_resolver_core__001/eval/logs/dependency_install.stderr,"dependency install failed: ERROR: Could not find a version that satisfies the requirement rpds-py==2026.6.3 (from versions: 0.20.0)
ERROR: No matching distribution found for rpds-py==2026.6.3"
python200-hard-main-20260829,copier__template_answers_core__001,deepseek/deepseek-v4-flash,hard50,Adapted,config_resolve_discover,infrastructure_invalid,False,build_failure,dependency_install_infrastructure,infrastructure,dependency_install_infrastructure,,True,automatic,rule_based,False,"dependency install failed: ERROR: Could not find a version that satisfies the requirement pydantic-core==2.33.2 (from versions: 2.23.4)
ERROR: No matching distribution found for pydantic-core==2.33.2",experiments/python/openhands/deepseek-v4-flash/python200-hard-main-20260829/copier__template_answers_core__001/eval/logs/dependency_install.stderr,"dependency install failed: ERROR: Could not find a version that satisfies the requirement pydantic-core==2.33.2 (from versions: 2.23.4)
ERROR: No matching distribution found for pydantic-core==2.33.2"
python200-hard-main-20260829,distlib__wheel_metadata_core__hard3_001,deepseek/deepseek-v4-flash,python150,Adapted,resource_metadata_loading,infrastructure_invalid,False,preflight_blocked,freeze_preflight_blocked,infrastructure,freeze_preflight_blocked,,,automatic,rule_based,False,ValueError: distlib__wheel_metadata_core__hard3_001: active benchmark freeze spec hash mismatch,experiments/python/openhands/deepseek-v4-flash/python200-hard-main-20260829/distlib__wheel_metadata_core__hard3_001/run.json,ValueError: distlib__wheel_metadata_core__hard3_001: active benchmark freeze spec hash mismatch
python200-hard-main-20260829,fs__url_opener_core__hard3_001,deepseek/deepseek-v4-flash,python150,Adapted,registry_plugin_dispatch,infrastructure_invalid,False,preflight_blocked,freeze_preflight_blocked,infrastructure,freeze_preflight_blocked,,,automatic,rule_based,False,ValueError: fs__url_opener_core__hard3_001: active benchmark freeze spec hash mismatch,experiments/python/openhands/deepseek-v4-flash/python200-hard-main-20260829/fs__url_opener_core__hard3_001/run.json,ValueError: fs__url_opener_core__hard3_001: active benchmark freeze spec hash mismatch
python200-hard-main-20260829,fsspec__url_chain_core__hard3_001,deepseek/deepseek-v4-flash,python150,Adapted,config_resolve_discover,infrastructure_invalid,False,preflight_blocked,freeze_preflight_blocked,infrastructure,freeze_preflight_blocked,,,automatic,rule_based,False,ValueError: fsspec__url_chain_core__hard3_001: active benchmark freeze spec hash mismatch,experiments/python/openhands/deepseek-v4-flash/python200-hard-main-20260829/fsspec__url_chain_core__hard3_001/run.json,ValueError: fsspec__url_chain_core__hard3_001: active benchmark freeze spec hash mismatch
python200-hard-main-20260829,goodconf__typed_env_core__001,deepseek/deepseek-v4-flash,hard50,Adapted,config_resolve_discover,infrastructure_invalid,False,build_failure,dependency_install_infrastructure,infrastructure,dependency_install_infrastructure,,False,automatic,rule_based,False,"dependency install failed: ERROR: Could not find a version that satisfies the requirement pydantic-core==2.33.2 (from versions: 2.23.4)
ERROR: No matching distribution found for pydantic-core==2.33.2",experiments/python/openhands/deepseek-v4-flash/python200-hard-main-20260829/goodconf__typed_env_core__001/eval/logs/dependency_install.stderr,"dependency install failed: ERROR: Could not find a version that satisfies the requirement pydantic-core==2.33.2 (from versions: 2.23.4)
ERROR: No matching distribution found for pydantic-core==2.33.2"
python200-hard-main-20260829,jupyter_server__extension_config_core__hard3_001,deepseek/deepseek-v4-flash,python150,Composite,registry_plugin_dispatch,infrastructure_invalid,False,preflight_blocked,freeze_preflight_blocked,infrastructure,freeze_preflight_blocked,,,automatic,rule_based,False,ValueError: jupyter_server__extension_config_core__hard3_001: active benchmark freeze spec hash mismatch,experiments/python/openhands/deepseek-v4-flash/python200-hard-main-20260829/jupyter_server__extension_config_core__hard3_001/run.json,ValueError: jupyter_server__extension_config_core__hard3_001: active benchmark freeze spec hash mismatch
python200-hard-main-20260829,license_expression__policy_core__hard3_001,deepseek/deepseek-v4-flash,python150,Direct,parse_tokenize_decode,infrastructure_invalid,False,preflight_blocked,freeze_preflight_blocked,infrastructure,freeze_preflight_blocked,,,automatic,rule_based,False,ValueError: license_expression__policy_core__hard3_001: active benchmark freeze spec hash mismatch,experiments/python/openhands/deepseek-v4-flash/python200-hard-main-20260829/license_expression__policy_core__hard3_001/run.json,ValueError: license_expression__policy_core__hard3_001: active benchmark freeze spec hash mismatch
python200-hard-main-20260829,limits__strategy_storage_core__001,deepseek/deepseek-v4-flash,hard50,Adapted,registry_plugin_dispatch,infrastructure_invalid,False,build_failure,dependency_install_infrastructure,infrastructure,dependency_install_infrastructure,,False,automatic,rule_based,False,"dependency install failed: ERROR: Could not find a version that satisfies the requirement wrapt==1.17.3 (from versions: 1.16.0)
ERROR: No matching distribution found for wrapt==1.17.3",experiments/python/openhands/deepseek-v4-flash/python200-hard-main-20260829/limits__strategy_storage_core__001/eval/logs/dependency_install.stderr,"dependency install failed: ERROR: Could not find a version that satisfies the requirement wrapt==1.17.3 (from versions: 1.16.0)
ERROR: No matching distribution found for wrapt==1.17.3"
python200-hard-main-20260829,luigi__task_requires_core__001,deepseek/deepseek-v4-flash,hard50,Composite,workflow_session_orchestration,infrastructure_invalid,False,build_failure,dependency_install_infrastructure,infrastructure,dependency_install_infrastructure,,False,automatic,rule_based,False,"dependency install failed: ERROR: Could not find a version that satisfies the requirement tornado==6.5.2 (from versions: none)
ERROR: No matching distribution found for tornado==6.5.2",experiments/python/openhands/deepseek-v4-flash/python200-hard-main-20260829/luigi__task_requires_core__001/eval/logs/dependency_install.stderr,"dependency install failed: ERROR: Could not find a version that satisfies the requirement tornado==6.5.2 (from versions: none)
ERROR: No matching distribution found for tornado==6.5.2"
python200-hard-main-20260829,openapi_schema_validator__draft_core__001,deepseek/deepseek-v4-flash,hard50,Direct,validate_normalize_construct,infrastructure_invalid,False,build_failure,dependency_install_infrastructure,infrastructure,dependency_install_infrastructure,,False,automatic,rule_based,False,"dependency install failed: ERROR: Could not find a version that satisfies the requirement rpds-py==2026.6.3 (from versions: 0.20.0)
ERROR: No matching distribution found for rpds-py==2026.6.3",experiments/python/openhands/deepseek-v4-flash/python200-hard-main-20260829/openapi_schema_validator__draft_core__001/eval/logs/dependency_install.stderr,"dependency install failed: ERROR: Could not find a version that satisfies the requirement rpds-py==2026.6.3 (from versions: 0.20.0)
ERROR: No matching distribution found for rpds-py==2026.6.3"
python200-hard-main-20260829,oslo_config__opt_group_core__001,deepseek/deepseek-v4-flash,hard50,Composite,config_resolve_discover,infrastructure_invalid,False,build_failure,dependency_install_infrastructure,infrastructure,dependency_install_infrastructure,,True,automatic,rule_based,False,"dependency install failed: ERROR: Could not find a version that satisfies the requirement wrapt==1.17.3 (from versions: 1.16.0)
ERROR: No matching distribution found for wrapt==1.17.3",experiments/python/openhands/deepseek-v4-flash/python200-hard-main-20260829/oslo_config__opt_group_core__001/eval/logs/dependency_install.stderr,"dependency install failed: ERROR: Could not find a version that satisfies the requirement wrapt==1.17.3 (from versions: 1.16.0)
ERROR: No matching distribution found for wrapt==1.17.3"
python200-hard-main-20260829,oslo_policy__enforcer_core__001,deepseek/deepseek-v4-flash,hard50,Composite,registry_plugin_dispatch,infrastructure_invalid,False,build_failure,dependency_install_infrastructure,infrastructure,dependency_install_infrastructure,,True,automatic,rule_based,False,"dependency install failed: ERROR: Could not find a version that satisfies the requirement wrapt==1.17.3 (from versions: 1.16.0)
ERROR: No matching distribution found for wrapt==1.17.3",experiments/python/openhands/deepseek-v4-flash/python200-hard-main-20260829/oslo_policy__enforcer_core__001/eval/logs/dependency_install.stderr,"dependency install failed: ERROR: Could not find a version that satisfies the requirement wrapt==1.17.3 (from versions: 1.16.0)
ERROR: No matching distribution found for wrapt==1.17.3"
python200-hard-main-20260829,pandera__dataframe_schema_core__001,deepseek/deepseek-v4-flash,hard50,Composite,validate_normalize_construct,infrastructure_invalid,False,build_failure,dependency_install_infrastructure,infrastructure,dependency_install_infrastructure,,True,automatic,rule_based,False,"dependency install failed: ERROR: Could not find a version that satisfies the requirement pandas==2.2.3 (from versions: none)
ERROR: No matching distribution found for pandas==2.2.3",experiments/python/openhands/deepseek-v4-flash/python200-hard-main-20260829/pandera__dataframe_schema_core__001/eval/logs/dependency_install.stderr,"dependency install failed: ERROR: Could not find a version that satisfies the requirement pandas==2.2.3 (from versions: none)
ERROR: No matching distribution found for pandas==2.2.3"
python200-hard-main-20260829,poetry_core__dependency_groups_core__hard3_001,deepseek/deepseek-v4-flash,python150,Composite,resource_metadata_loading,infrastructure_invalid,False,preflight_blocked,freeze_preflight_blocked,infrastructure,freeze_preflight_blocked,,,automatic,rule_based,False,ValueError: poetry_core__dependency_groups_core__hard3_001: active benchmark freeze spec hash mismatch,experiments/python/openhands/deepseek-v4-flash/python200-hard-main-20260829/poetry_core__dependency_groups_core__hard3_001/run.json,ValueError: poetry_core__dependency_groups_core__hard3_001: active benchmark freeze spec hash mismatch
python200-hard-main-20260829,pydantic__field_validator_core__hard3_001,deepseek/deepseek-v4-flash,python150,Adapted,validate_normalize_construct,infrastructure_invalid,False,preflight_blocked,freeze_preflight_blocked,infrastructure,freeze_preflight_blocked,,,automatic,rule_based,False,ValueError: pydantic__field_validator_core__hard3_001: active benchmark freeze spec hash mismatch,experiments/python/openhands/deepseek-v4-flash/python200-hard-main-20260829/pydantic__field_validator_core__hard3_001/run.json,ValueError: pydantic__field_validator_core__hard3_001: active benchmark freeze spec hash mismatch
python200-hard-main-20260829,pydantic_v1__validation_error_core__001,deepseek/deepseek-v4-flash,python150,Adapted,validate_normalize_construct,infrastructure_invalid,False,preflight_blocked,freeze_preflight_blocked,infrastructure,freeze_preflight_blocked,,,automatic,rule_based,False,ValueError: pydantic_v1__validation_error_core__001: active benchmark freeze spec hash mismatch,experiments/python/openhands/deepseek-v4-flash/python200-hard-main-20260829/pydantic_v1__validation_error_core__001/run.json,ValueError: pydantic_v1__validation_error_core__001: active benchmark freeze spec hash mismatch
python200-hard-main-20260829,pyramid__configurator_action_core__hard3_001,deepseek/deepseek-v4-flash,python150,Composite,workflow_session_orchestration,infrastructure_invalid,False,preflight_blocked,freeze_preflight_blocked,infrastructure,freeze_preflight_blocked,,,automatic,rule_based,False,ValueError: pyramid__configurator_action_core__hard3_001: active benchmark freeze spec hash mismatch,experiments/python/openhands/deepseek-v4-flash/python200-hard-main-20260829/pyramid__configurator_action_core__hard3_001/run.json,ValueError: pyramid__configurator_action_core__hard3_001: active benchmark freeze spec hash mismatch
python200-hard-main-20260829,quart__blueprint_dispatch_core__001,deepseek/deepseek-v4-flash,hard50,Adapted,registry_plugin_dispatch,infrastructure_invalid,False,build_failure,dependency_install_infrastructure,infrastructure,dependency_install_infrastructure,,True,automatic,rule_based,False,"dependency install failed: ERROR: Could not find a version that satisfies the requirement MarkupSafe==3.0.3 (from versions: 2.1.5)
ERROR: No matching distribution found for MarkupSafe==3.0.3",experiments/python/openhands/deepseek-v4-flash/python200-hard-main-20260829/quart__blueprint_dispatch_core__001/eval/logs/dependency_install.stderr,"dependency install failed: ERROR: Could not find a version that satisfies the requirement MarkupSafe==3.0.3 (from versions: 2.1.5)
ERROR: No matching distribution found for MarkupSafe==3.0.3"
python200-hard-main-20260829,requests_cache__cache_key_core__hard3_001,deepseek/deepseek-v4-flash,python150,Composite,cache_retry_policy,infrastructure_invalid,False,preflight_blocked,freeze_preflight_blocked,infrastructure,freeze_preflight_blocked,,,automatic,rule_based,False,ValueError: requests_cache__cache_key_core__hard3_001: active benchmark freeze spec hash mismatch,experiments/python/openhands/deepseek-v4-flash/python200-hard-main-20260829/requests_cache__cache_key_core__hard3_001/run.json,ValueError: requests_cache__cache_key_core__hard3_001: active benchmark freeze spec hash mismatch
python200-hard-main-20260829,rocketry__cond_schedule_core__001,deepseek/deepseek-v4-flash,hard50,Direct,workflow_session_orchestration,infrastructure_invalid,False,build_failure,dependency_install_infrastructure,infrastructure,dependency_install_infrastructure,,False,automatic,rule_based,False,"dependency install failed: ERROR: Could not find a version that satisfies the requirement pydantic-core==2.33.2 (from versions: 2.23.4)
ERROR: No matching distribution found for pydantic-core==2.33.2",experiments/python/openhands/deepseek-v4-flash/python200-hard-main-20260829/rocketry__cond_schedule_core__001/eval/logs/dependency_install.stderr,"dependency install failed: ERROR: Could not find a version that satisfies the requirement pydantic-core==2.33.2 (from versions: 2.23.4)
ERROR: No matching distribution found for pydantic-core==2.33.2"
python200-hard-main-20260829,schema__nested_validate_core__hard3_001,deepseek/deepseek-v4-flash,python150,Adapted,validate_normalize_construct,infrastructure_invalid,False,preflight_blocked,freeze_preflight_blocked,infrastructure,freeze_preflight_blocked,,,automatic,rule_based,False,ValueError: schema__nested_validate_core__hard3_001: active benchmark freeze spec hash mismatch,experiments/python/openhands/deepseek-v4-flash/python200-hard-main-20260829/schema__nested_validate_core__hard3_001/run.json,ValueError: schema__nested_validate_core__hard3_001: active benchmark freeze spec hash mismatch
python200-hard-main-20260829,setuptools_scm__version_normalize_core__hard3_001,deepseek/deepseek-v4-flash,python150,Adapted,resource_metadata_loading,infrastructure_invalid,False,preflight_blocked,freeze_preflight_blocked,infrastructure,freeze_preflight_blocked,,,automatic,rule_based,False,ValueError: setuptools_scm__version_normalize_core__hard3_001: active benchmark freeze spec hash mismatch,experiments/python/openhands/deepseek-v4-flash/python200-hard-main-20260829/setuptools_scm__version_normalize_core__hard3_001/run.json,ValueError: setuptools_scm__version_normalize_core__hard3_001: active benchmark freeze spec hash mismatch
python200-hard-main-20260829,spiffworkflow__bpmn_engine_core__001,deepseek/deepseek-v4-flash,hard50,Composite,workflow_session_orchestration,infrastructure_invalid,False,build_failure,dependency_install_infrastructure,infrastructure,dependency_install_infrastructure,,True,automatic,rule_based,False,"dependency install failed: ERROR: Could not find a version that satisfies the requirement lxml==6.1.2 (from versions: none)
ERROR: No matching distribution found for lxml==6.1.2",experiments/python/openhands/deepseek-v4-flash/python200-hard-main-20260829/spiffworkflow__bpmn_engine_core__001/eval/logs/dependency_install.stderr,"dependency install failed: ERROR: Could not find a version that satisfies the requirement lxml==6.1.2 (from versions: none)
ERROR: No matching distribution found for lxml==6.1.2"
python200-hard-main-20260829,starlette__route_matching_core__hard3_001,deepseek/deepseek-v4-flash,python150,Adapted,registry_plugin_dispatch,infrastructure_invalid,False,preflight_blocked,freeze_preflight_blocked,infrastructure,freeze_preflight_blocked,,,automatic,rule_based,False,ValueError: starlette__route_matching_core__hard3_001: active benchmark freeze spec hash mismatch,experiments/python/openhands/deepseek-v4-flash/python200-hard-main-20260829/starlette__route_matching_core__hard3_001/run.json,ValueError: starlette__route_matching_core__hard3_001: active benchmark freeze spec hash mismatch
python200-hard-main-20260829,taskiq__broker_task_core__001,deepseek/deepseek-v4-flash,hard50,Composite,workflow_session_orchestration,infrastructure_invalid,False,build_failure,dependency_install_infrastructure,infrastructure,dependency_install_infrastructure,,True,automatic,rule_based,False,"dependency install failed: ERROR: Could not find a version that satisfies the requirement aiohttp==3.12.15 (from versions: none)
ERROR: No matching distribution found for aiohttp==3.12.15",experiments/python/openhands/deepseek-v4-flash/python200-hard-main-20260829/taskiq__broker_task_core__001/eval/logs/dependency_install.stderr,"dependency install failed: ERROR: Could not find a version that satisfies the requirement aiohttp==3.12.15 (from versions: none)
ERROR: No matching distribution found for aiohttp==3.12.15"
python200-hard-main-20260829,tenacity__retry_state_core__hard3_001,deepseek/deepseek-v4-flash,python150,Adapted,cache_retry_policy,infrastructure_invalid,False,preflight_blocked,freeze_preflight_blocked,infrastructure,freeze_preflight_blocked,,,automatic,rule_based,False,ValueError: tenacity__retry_state_core__hard3_001: active benchmark freeze spec hash mismatch,experiments/python/openhands/deepseek-v4-flash/python200-hard-main-20260829/tenacity__retry_state_core__hard3_001/run.json,ValueError: tenacity__retry_state_core__hard3_001: active benchmark freeze spec hash mismatch
python200-hard-main-20260829,trafaret__validation_rules_core__hard3_001,deepseek/deepseek-v4-flash,python150,Adapted,validate_normalize_construct,infrastructure_invalid,False,preflight_blocked,freeze_preflight_blocked,infrastructure,freeze_preflight_blocked,,,automatic,rule_based,False,ValueError: trafaret__validation_rules_core__hard3_001: active benchmark freeze spec hash mismatch,experiments/python/openhands/deepseek-v4-flash/python200-hard-main-20260829/trafaret__validation_rules_core__hard3_001/run.json,ValueError: trafaret__validation_rules_core__hard3_001: active benchmark freeze spec hash mismatch
python200-hard-main-20260829,virtualenv__interpreter_spec_core__hard3_001,deepseek/deepseek-v4-flash,python150,Adapted,parse_tokenize_decode,infrastructure_invalid,False,preflight_blocked,freeze_preflight_blocked,infrastructure,freeze_preflight_blocked,,,automatic,rule_based,False,ValueError: virtualenv__interpreter_spec_core__hard3_001: active benchmark freeze spec hash mismatch,experiments/python/openhands/deepseek-v4-flash/python200-hard-main-20260829/virtualenv__interpreter_spec_core__hard3_001/run.json,ValueError: virtualenv__interpreter_spec_core__hard3_001: active benchmark freeze spec hash mismatch
python200-hard-main-20260829,wheel__metadata_normalize_core__hard3_001,deepseek/deepseek-v4-flash,python150,Adapted,resource_metadata_loading,infrastructure_invalid,False,preflight_blocked,freeze_preflight_blocked,infrastructure,freeze_preflight_blocked,,,automatic,rule_based,False,ValueError: wheel__metadata_normalize_core__hard3_001: active benchmark freeze spec hash mismatch,experiments/python/openhands/deepseek-v4-flash/python200-hard-main-20260829/wheel__metadata_normalize_core__hard3_001/run.json,ValueError: wheel__metadata_normalize_core__hard3_001: active benchmark freeze spec hash mismatch
python200-hard-main-20260829,zope_component__site_lookup_core__001,deepseek/deepseek-v4-flash,hard50,Composite,registry_plugin_dispatch,infrastructure_invalid,False,build_failure,dependency_install_infrastructure,infrastructure,dependency_install_infrastructure,,True,automatic,rule_based,False,"dependency install failed: ERROR: Could not find a version that satisfies the requirement zope.interface==7.2 (from versions: none)
ERROR: No matching distribution found for zope.interface==7.2",experiments/python/openhands/deepseek-v4-flash/python200-hard-main-20260829/zope_component__site_lookup_core__001/eval/logs/dependency_install.stderr,"dependency install failed: ERROR: Could not find a version that satisfies the requirement zope.interface==7.2 (from versions: none)
ERROR: No matching distribution found for zope.interface==7.2"
python200-hard-main-20260829,aiohttp__url_params_core__hard3_001,deepseek/deepseek-v4-flash,python150,Adapted,validate_normalize_construct,valid_agent_evidence,False,hidden_failure,hidden_only_behavior,contract_api_completion,validation_boundary;exception_semantics,B002;B003,True,assistant_first_pass,codex_assistant,False,提交实现了 header 容器但未拒绝无效 header 名称,experiments/python/openhands/deepseek-v4-flash/python200-hard-main-20260829/aiohttp__url_params_core__hard3_001/eval/logs/hidden.stdout,
python200-hard-main-20260829,alembic__revision_map_core__hard3_001,deepseek/deepseek-v4-flash,python150,Adapted,algorithm_data_structure,valid_agent_evidence,False,public_failure,public_behavior,behavior_drift,graph_semantics;state_lifecycle,B007,True,assistant_first_pass,codex_assistant,False,merge graph 能得到最终 head 但基础 revision 从索引中丢失,experiments/python/openhands/deepseek-v4-flash/python200-hard-main-20260829/alembic__revision_map_core__hard3_001/eval/logs/public.stdout,
python200-hard-main-20260829,apischema__serialization_core__001,deepseek/deepseek-v4-flash,hard50,Adapted,validate_normalize_construct,valid_agent_evidence,False,missing_submission,agent_no_submission,agent_process_non_delivery,missing_submission,,False,assistant_first_pass,codex_assistant,False,Agent 正常启动但提交目录中没有生成任何文件,experiments/python/openhands/deepseek-v4-flash/python200-hard-main-20260829/apischema__serialization_core__001/run.json,
python200-hard-main-20260829,build__pyproject_backend_core__hard3_001,deepseek/deepseek-v4-flash,python150,Adapted,validate_normalize_construct,valid_agent_evidence,False,public_failure,public_behavior,behavior_drift,default_values,B001,False,assistant_first_pass,codex_assistant,False,缺省 build backend 使用 legacy variant 而不是任务要求的默认 backend,experiments/python/openhands/deepseek-v4-flash/python200-hard-main-20260829/build__pyproject_backend_core__hard3_001/eval/logs/public.stdout,
python200-hard-main-20260829,celery__signal_dispatch_core__hard3_001,deepseek/deepseek-v4-flash,python150,Adapted,registry_plugin_dispatch,valid_agent_evidence,False,public_failure,public_behavior,behavior_drift,validation_boundary;callable_compatibility,B001;B004,False,assistant_first_pass,codex_assistant,False,connect 对无关键字参数的普通 callable 施加了过强限制,experiments/python/openhands/deepseek-v4-flash/python200-hard-main-20260829/celery__signal_dispatch_core__hard3_001/eval/logs/public.stdout,
python200-hard-main-20260829,cookiecutter__repo_finder_core__hard3_001,deepseek/deepseek-v4-flash,python150,Composite,config_resolve_discover,valid_agent_evidence,False,public_failure,public_behavior,behavior_drift,parsing_normalization;template_expansion,B001,False,assistant_first_pass,codex_assistant,False,缩写展开只提供一个格式参数因而无法处理多占位符模板,experiments/python/openhands/deepseek-v4-flash/python200-hard-main-20260829/cookiecutter__repo_finder_core__hard3_001/eval/logs/public.stdout,
python200-hard-main-20260829,dateutil__zone_resolver_core__hard3_001,deepseek/deepseek-v4-flash,python150,Composite,resource_metadata_loading,valid_agent_evidence,False,hidden_failure,hidden_only_behavior,contract_api_completion,alias_resolution;state_lifecycle,B003,False,assistant_first_pass,codex_assistant,False,别名可以注册但加载时没有沿别名解析到 canonical zone,experiments/python/openhands/deepseek-v4-flash/python200-hard-main-20260829/dateutil__zone_resolver_core__hard3_001/eval/logs/hidden.stdout,
python200-hard-main-20260829,decorator__signature_preserving_core__001,deepseek/deepseek-v4-flash,python150,Direct,workflow_session_orchestration,valid_agent_evidence,False,public_failure,public_behavior,behavior_drift,argument_binding;call_semantics,B001;B002;B003;B004,False,assistant_first_pass,codex_assistant,False,装饰器保留了签名和结果但改变了调用者接收到的 args 与 kwargs 形状,experiments/python/openhands/deepseek-v4-flash/python200-hard-main-20260829/decorator__signature_preserving_core__001/eval/logs/public.stdout,
python200-hard-main-20260829,dynaconf__settings_merge_core__001,deepseek/deepseek-v4-flash,python150,Adapted,config_resolve_discover,valid_agent_evidence,False,missing_submission,agent_no_submission,agent_process_non_delivery,missing_submission,,False,assistant_first_pass,codex_assistant,False,Agent 正常启动但提交目录中没有生成任何文件,experiments/python/openhands/deepseek-v4-flash/python200-hard-main-20260829/dynaconf__settings_merge_core__001/run.json,
python200-hard-main-20260829,flake8__plugin_options_core__hard3_001,deepseek/deepseek-v4-flash,python150,Composite,registry_plugin_dispatch,valid_agent_evidence,False,public_failure,public_behavior,contract_api_completion,api_surface,B001,False,assistant_first_pass,codex_assistant,False,OptionManager 缺少注册插件选项所需的公开方法,experiments/python/openhands/deepseek-v4-flash/python200-hard-main-20260829/flake8__plugin_options_core__hard3_001/eval/logs/public.stdout,
python200-hard-main-20260829,flask__route_dispatch_core__001,deepseek/deepseek-v4-flash,python150,Adapted,registry_plugin_dispatch,valid_agent_evidence,False,public_failure,public_behavior,behavior_drift,equality_protocol;return_value,B001;B002;B003;B004,True,assistant_first_pass,codex_assistant,False,路由能返回 Response 但 Response 的可观察相等语义不兼容,experiments/python/openhands/deepseek-v4-flash/python200-hard-main-20260829/flask__route_dispatch_core__001/eval/logs/public.stdout,
python200-hard-main-20260829,importlib_resources__traversable_tree_core__hard3_001,deepseek/deepseek-v4-flash,python150,Composite,resource_metadata_loading,valid_agent_evidence,False,public_failure,public_behavior,behavior_drift,api_contract;resource_loading,B004,True,assistant_first_pass,codex_assistant,False,提交用不兼容的 pathlib 子类包装资源路径导致 traversable 构造失败,experiments/python/openhands/deepseek-v4-flash/python200-hard-main-20260829/importlib_resources__traversable_tree_core__hard3_001/eval/logs/public.stdout,
python200-hard-main-20260829,installer__wheel_record_core__hard3_001,deepseek/deepseek-v4-flash,python150,Adapted,resource_metadata_loading,valid_agent_evidence,False,hidden_failure,hidden_only_behavior,contract_api_completion,validation_boundary;exception_semantics,B002,False,assistant_first_pass,codex_assistant,False,提交能定位 dist-info 但未拒绝同时出现多个候选目录,experiments/python/openhands/deepseek-v4-flash/python200-hard-main-20260829/installer__wheel_record_core__hard3_001/eval/logs/hidden.stdout,
python200-hard-main-20260829,jupyter_core__paths_resolver_core__hard3_001,deepseek/deepseek-v4-flash,python150,Adapted,config_resolve_discover,valid_agent_evidence,False,public_failure,public_behavior,behavior_drift,platform_path,B002,True,assistant_first_pass,codex_assistant,False,Windows 路径被当作当前 POSIX 环境下的相对路径重新拼接,experiments/python/openhands/deepseek-v4-flash/python200-hard-main-20260829/jupyter_core__paths_resolver_core__hard3_001/eval/logs/public.stdout,
python200-hard-main-20260829,keyring__backend_select_core__hard3_001,deepseek/deepseek-v4-flash,python150,Composite,registry_plugin_dispatch,valid_agent_evidence,False,public_failure,public_behavior,behavior_drift,selection_precedence;name_resolution,B006;B007,False,assistant_first_pass,codex_assistant,False,环境变量指定的 backend 名称没有匹配到对应候选类,experiments/python/openhands/deepseek-v4-flash/python200-hard-main-20260829/keyring__backend_select_core__hard3_001/eval/logs/public.stdout,
python200-hard-main-20260829,mkdocs__plugin_config_core__hard3_001,deepseek/deepseek-v4-flash,python150,Composite,registry_plugin_dispatch,valid_agent_evidence,False,public_failure,public_behavior,behavior_drift,registry_dispatch;ordering_precedence,B002,False,assistant_first_pass,codex_assistant,False,插件配置加载后事件 hook 未进入可执行注册表,experiments/python/openhands/deepseek-v4-flash/python200-hard-main-20260829/mkdocs__plugin_config_core__hard3_001/eval/logs/public.stdout,
python200-hard-main-20260829,multidict__multidict_mutation_core__hard3_001,deepseek/deepseek-v4-flash,python150,Direct,algorithm_data_structure,valid_agent_evidence,False,public_failure,public_behavior,behavior_drift,data_structure_semantics;ordering_precedence,B001;B002,True,assistant_first_pass,codex_assistant,False,重复键追加后单值读取返回最早值而不是契约要求的最新值,experiments/python/openhands/deepseek-v4-flash/python200-hard-main-20260829/multidict__multidict_mutation_core__hard3_001/eval/logs/public.stdout,
python200-hard-main-20260829,pygments__lexer_core__001,deepseek/deepseek-v4-flash,python150,Direct,parse_tokenize_decode,valid_agent_evidence,False,hidden_failure,hidden_only_behavior,behavior_drift,option_semantics;tokenization,B004,True,assistant_first_pass,codex_assistant,False,stripall 选项启用后仍产生普通空白 Text token,experiments/python/openhands/deepseek-v4-flash/python200-hard-main-20260829/pygments__lexer_core__001/eval/logs/hidden.stdout,
python200-hard-main-20260829,pylint__config_find_core__001,deepseek/deepseek-v4-flash,hard50,Adapted,config_resolve_discover,valid_agent_evidence,False,public_failure,public_behavior,contract_api_completion,api_surface;packaging_export,B005,True,assistant_first_pass,codex_assistant,False,featurelifted 顶层缺少公开契约要求的 PyLinter 导出,experiments/python/openhands/deepseek-v4-flash/python200-hard-main-20260829/pylint__config_find_core__001/eval/logs/public.stdout,
python200-hard-main-20260829,pytest__marker_registry_core__hard3_001,deepseek/deepseek-v4-flash,python150,Composite,registry_plugin_dispatch,valid_agent_evidence,False,hidden_failure,hidden_only_behavior,behavior_drift,exception_semantics,B003,False,assistant_first_pass,codex_assistant,False,strict unknown-marker 路径抛出的异常类型与评测契约不一致,experiments/python/openhands/deepseek-v4-flash/python200-hard-main-20260829/pytest__marker_registry_core__hard3_001/eval/logs/hidden.stdout,
python200-hard-main-20260829,python_decouple__config_repository_core__001,deepseek/deepseek-v4-flash,python150,Adapted,config_resolve_discover,valid_agent_evidence,False,hidden_failure,hidden_only_behavior,behavior_drift,parsing_normalization;quoting_comments,B001;B002;B003;B004,False,assistant_first_pass,codex_assistant,False,.env 解析保留了引号和行尾注释而不是返回规范化值,experiments/python/openhands/deepseek-v4-flash/python200-hard-main-20260829/python_decouple__config_repository_core__001/eval/logs/hidden.stdout,
python200-hard-main-20260829,responses__request_matcher_core__hard3_001,deepseek/deepseek-v4-flash,python150,Composite,registry_plugin_dispatch,valid_agent_evidence,False,hidden_failure,hidden_only_behavior,behavior_drift,state_lifecycle;call_history,B002;B003,False,assistant_first_pass,codex_assistant,False,once response 首次命中后可移除但第二次查找没有进入完整 call history,experiments/python/openhands/deepseek-v4-flash/python200-hard-main-20260829/responses__request_matcher_core__hard3_001/eval/logs/hidden.stdout,
python200-hard-main-20260829,scrapy__item_loader_core__hard3_001,deepseek/deepseek-v4-flash,python150,Adapted,registry_plugin_dispatch,valid_agent_evidence,False,public_failure,public_behavior,behavior_drift,api_input_shape;adapter_semantics,B002;B003,True,assistant_first_pass,codex_assistant,False,ItemLoader 将 item 类当作已实例化 mapping 调用实例方法,experiments/python/openhands/deepseek-v4-flash/python200-hard-main-20260829/scrapy__item_loader_core__hard3_001/eval/logs/public.stdout,
python200-hard-main-20260829,tox__factor_expression_core__hard3_001,deepseek/deepseek-v4-flash,python150,Adapted,parse_tokenize_decode,valid_agent_evidence,False,public_failure,public_behavior,behavior_drift,parsing_normalization;combinatorial_expansion,B001;B003,False,assistant_first_pass,codex_assistant,False,factor expression 解析未展开 brace group 组合,experiments/python/openhands/deepseek-v4-flash/python200-hard-main-20260829/tox__factor_expression_core__hard3_001/eval/logs/public.stdout,
python200-hard-main-20260829,typer__command_parser_core__001,deepseek/deepseek-v4-flash,python150,Direct,workflow_session_orchestration,valid_agent_evidence,False,public_failure,public_behavior,contract_api_completion,api_surface;packaging_export,B006,True,assistant_first_pass,codex_assistant,False,提交缺少 featurelifted.testing 子模块及 CliRunner API,experiments/python/openhands/deepseek-v4-flash/python200-hard-main-20260829/typer__command_parser_core__001/eval/logs/public.stdout,
python200-hard-main-20260829,yamale__schema_validate_core__hard3_001,deepseek/deepseek-v4-flash,python150,Adapted,validate_normalize_construct,valid_agent_evidence,False,public_failure,public_behavior,behavior_drift,parsing_normalization;validation_boundary,B001;B004,False,assistant_first_pass,codex_assistant,False,schema parser 不接受任务要求的简写 validator 表达式,experiments/python/openhands/deepseek-v4-flash/python200-hard-main-20260829/yamale__schema_validate_core__hard3_001/eval/logs/public.stdout,
python200-hard-main-20260829,zope_interface__adapter_registry_core__001,deepseek/deepseek-v4-flash,hard50,Composite,registry_plugin_dispatch,valid_agent_evidence,False,hidden_failure,hidden_only_behavior,behavior_drift,registry_dispatch;return_value;state_lifecycle,B003,True,assistant_first_pass,codex_assistant,False,named registration 可删除但 unregister 的返回语义与契约不一致,experiments/python/openhands/deepseek-v4-flash/python200-hard-main-20260829/zope_interface__adapter_registry_core__001/eval/logs/hidden.stdout,
