task_id,root_cause_primary,secondary_tags,contract_clause_ids,validity_override,validity_reason,review_status,evidence_summary
apischema__serialization_core__001,agent_process_non_delivery,missing_submission,,,,assistant_first_pass,Agent 正常启动但提交目录中没有生成任何文件
dynaconf__settings_merge_core__001,agent_process_non_delivery,missing_submission,,,,assistant_first_pass,Agent 正常启动但提交目录中没有生成任何文件
aiohttp__url_params_core__hard3_001,contract_api_completion,validation_boundary;exception_semantics,B002;B003,,,assistant_first_pass,提交实现了 header 容器但未拒绝无效 header 名称
dateutil__zone_resolver_core__hard3_001,contract_api_completion,alias_resolution;state_lifecycle,B003,,,assistant_first_pass,别名可以注册但加载时没有沿别名解析到 canonical zone
installer__wheel_record_core__hard3_001,contract_api_completion,validation_boundary;exception_semantics,B002,,,assistant_first_pass,提交能定位 dist-info 但未拒绝同时出现多个候选目录
pygments__lexer_core__001,behavior_drift,option_semantics;tokenization,B004,,,assistant_first_pass,stripall 选项启用后仍产生普通空白 Text token
pytest__marker_registry_core__hard3_001,behavior_drift,exception_semantics,B003,,,assistant_first_pass,strict unknown-marker 路径抛出的异常类型与评测契约不一致
python_decouple__config_repository_core__001,behavior_drift,parsing_normalization;quoting_comments,B001;B002;B003;B004,,,assistant_first_pass,.env 解析保留了引号和行尾注释而不是返回规范化值
responses__request_matcher_core__hard3_001,behavior_drift,state_lifecycle;call_history,B002;B003,,,assistant_first_pass,once response 首次命中后可移除但第二次查找没有进入完整 call history
zope_interface__adapter_registry_core__001,behavior_drift,registry_dispatch;return_value;state_lifecycle,B003,,,assistant_first_pass,named registration 可删除但 unregister 的返回语义与契约不一致
alembic__revision_map_core__hard3_001,behavior_drift,graph_semantics;state_lifecycle,B007,,,assistant_first_pass,merge graph 能得到最终 head 但基础 revision 从索引中丢失
build__pyproject_backend_core__hard3_001,behavior_drift,default_values,B001,,,assistant_first_pass,缺省 build backend 使用 legacy variant 而不是任务要求的默认 backend
celery__signal_dispatch_core__hard3_001,behavior_drift,validation_boundary;callable_compatibility,B001;B004,,,assistant_first_pass,connect 对无关键字参数的普通 callable 施加了过强限制
click__lazy_command_core__hard3_001,task_or_evaluator_defect,undeclared_api,,benchmark_invalid_candidate,运行时 TASK 只声明 get_command 和 resolve 而 evaluator 调用 invoke,assistant_first_pass,首败来自未在公开契约中出现的 invoke 方法
cookiecutter__repo_finder_core__hard3_001,behavior_drift,parsing_normalization;template_expansion,B001,,,assistant_first_pass,缩写展开只提供一个格式参数因而无法处理多占位符模板
decorator__signature_preserving_core__001,behavior_drift,argument_binding;call_semantics,B001;B002;B003;B004,,,assistant_first_pass,装饰器保留了签名和结果但改变了调用者接收到的 args 与 kwargs 形状
flake8__plugin_options_core__hard3_001,contract_api_completion,api_surface,B001,,,assistant_first_pass,OptionManager 缺少注册插件选项所需的公开方法
flask__route_dispatch_core__001,behavior_drift,equality_protocol;return_value,B001;B002;B003;B004,,,assistant_first_pass,路由能返回 Response 但 Response 的可观察相等语义不兼容
hatch__project_metadata_core__hard3_001,task_or_evaluator_defect,undeclared_normalization_rule,,benchmark_invalid_candidate,TASK 只要求 lowercases names 而 evaluator 额外要求空格转连字符,assistant_first_pass,提交满足字面小写要求但测试增加了未公开的 separator canonicalization
hydra_core__compose_initialize_core__001,task_or_evaluator_defect,test_harness_state,B001;B002;B004,benchmark_invalid_candidate,旧 public test 在调用提交前创建固定目录并因残留目录失败；当前冻结题已改为只读 fixture,assistant_first_pass,失败发生在 public test 准备阶段且尚未调用提交实现
importlib_resources__traversable_tree_core__hard3_001,behavior_drift,api_contract;resource_loading,B004,,,assistant_first_pass,提交用不兼容的 pathlib 子类包装资源路径导致 traversable 构造失败
jupyter_core__paths_resolver_core__hard3_001,behavior_drift,platform_path,B002,,,assistant_first_pass,Windows 路径被当作当前 POSIX 环境下的相对路径重新拼接
keyring__backend_select_core__hard3_001,behavior_drift,selection_precedence;name_resolution,B006;B007,,,assistant_first_pass,环境变量指定的 backend 名称没有匹配到对应候选类
mkdocs__plugin_config_core__hard3_001,behavior_drift,registry_dispatch;ordering_precedence,B002,,,assistant_first_pass,插件配置加载后事件 hook 未进入可执行注册表
multidict__multidict_mutation_core__hard3_001,behavior_drift,data_structure_semantics;ordering_precedence,B001;B002,,,assistant_first_pass,重复键追加后单值读取返回最早值而不是契约要求的最新值
parsel__selector_namespace_core__hard3_001,task_or_evaluator_defect,undeclared_api;post_run_task_fixed,,benchmark_invalid_candidate,运行时 TASK 未声明 Selector.get/getall 而 evaluator 调用 get,assistant_first_pass,当前 TASK 已在实验后补入 get/getall
paste__dispatch_map_core__001,task_or_evaluator_defect,undeclared_response_body,,benchmark_invalid_candidate,TASK 只要求 HTTP 404 status 而 evaluator 要求正文含字面量 404,assistant_first_pass,提交已经返回 404 状态但测试增加了未公开的正文格式要求
pluggy__hook_wrapper_core__hard3_001,task_or_evaluator_defect,undeclared_api,,benchmark_invalid_candidate,运行时 TASK 未声明 call_historic 及其签名,assistant_first_pass,首败直接调用未公开的 call_historic
pylint__config_find_core__001,contract_api_completion,api_surface;packaging_export,B005,,,assistant_first_pass,featurelifted 顶层缺少公开契约要求的 PyLinter 导出
pytest__ini_markers_core__001,task_or_evaluator_defect,undeclared_api;post_run_task_fixed,,benchmark_invalid_candidate,运行时 TASK 未声明 from_lines 而 evaluator 调用该方法,assistant_first_pass,当前 TASK 已在实验后补入 from_lines
readme_renderer__content_type_core__hard3_001,task_or_evaluator_defect,undeclared_output_marker,,benchmark_invalid_candidate,TASK 只要求选择 Markdown renderer 而 evaluator 要求输出含 markdown 字样,assistant_first_pass,标题已经渲染为 h1 但测试使用与公开行为不对应的字面标记
scrapy__item_loader_core__hard3_001,behavior_drift,api_input_shape;adapter_semantics,B002;B003,,,assistant_first_pass,ItemLoader 将 item 类当作已实例化 mapping 调用实例方法
tox__factor_expression_core__hard3_001,behavior_drift,parsing_normalization;combinatorial_expansion,B001;B003,,,assistant_first_pass,factor expression 解析未展开 brace group 组合
typer__command_parser_core__001,contract_api_completion,api_surface;packaging_export,B006,,,assistant_first_pass,提交缺少 featurelifted.testing 子模块及 CliRunner API
yamale__schema_validate_core__hard3_001,behavior_drift,parsing_normalization;validation_boundary,B001;B004,,,assistant_first_pass,schema parser 不接受任务要求的简写 validator 表达式
