task_id,contract_alignment,process_cause_primary,process_secondary_tags,alignment_reason,process_evidence_summary,review_status,annotator,adjudicated
aiohttp__url_params_core__hard3_001,aligned,false_contract_closure,narrow_validation_path;unsupported_completion_claim,TASK 明确规定无效 header name 必须抛出 InvalidHeaderName,"Agent 检查并声称实现了 RFC header-name 校验且执行多轮自测，但 CIMultiDict 的失败写入路径没有被区分性测试覆盖",assistant_first_pass,codex_assistant,false
alembic__revision_map_core__hard3_001,aligned,false_contract_closure,graph_invariant_gap;high_test_count;unsupported_completion_claim,TASK 明确要求 merge graph 保持可查询 revisions 并报告 bases 与 heads,"Agent 声称 130 个上游测试和 51 个契约测试通过，但自测没有覆盖 merge 后 base revision 仍须留在索引中的任务特定不变量",assistant_first_pass,codex_assistant,false
apischema__serialization_core__001,not_tested,non_delivery,no_submission;early_tool_termination,没有提交进入 evaluator 因而不存在 TASK–测试对齐问题,"Agent 进行了 15 个终端动作但没有编辑 submission，随后以 tool_validation_error 结束",assistant_first_pass,codex_assistant,false
build__pyproject_backend_core__hard3_001,ambiguous,not_attributable,undeclared_default_constant,TASK 要求校验 build-system 但没有声明缺省 build-backend 的精确字符串,"Evaluator 要求 setuptools.build_meta，而 Agent 采用上游的 setuptools.build_meta:__legacy__；公开契约不能决定哪一个常量正确",assistant_first_pass,codex_assistant,false
celery__signal_dispatch_core__hard3_001,aligned,false_contract_closure,overvalidation;callable_shape_gap;unsupported_completion_claim,TASK 接受普通 callable receiver 并要求 connect 后可 dispatch,"Agent 的自测未覆盖不声明 **kwargs 的普通 receiver，最终额外施加的签名限制阻止了合法调用",assistant_first_pass,codex_assistant,false
click__lazy_command_core__hard3_001,misaligned,not_attributable,undeclared_api,运行时 TASK 只声明 get_command 和 resolve 而 evaluator 直接调用 invoke,"Agent 没有实现 invoke 与其收到的 API 契约一致；该失败是 evaluator 使用未公开接口",assistant_first_pass,codex_assistant,false
cookiecutter__repo_finder_core__hard3_001,aligned,false_contract_closure,template_boundary_gap;unsupported_completion_claim,TASK 要求按配置 abbreviation 模板完成展开,"Agent 的自测只覆盖单个 format 参数，未覆盖配置模板含多个占位符时的展开边界",assistant_first_pass,codex_assistant,false
dateutil__zone_resolver_core__hard3_001,aligned,false_contract_closure,state_transition_gap;unsupported_completion_claim,TASK 明确要求 alias 沿 canonical name 解析并检测循环,"Agent 自测覆盖 alias 注册与基本 get，但未形成能区分注册成功和读取时实际追踪 alias 的状态测试",assistant_first_pass,codex_assistant,false
decorator__signature_preserving_core__001,aligned,upstream_over_task_contract,known_counterevidence;differential_anchor;unsupported_completion_claim,TASK 将调用参数形状列为 metadata signature and call order 的可观察案例,"Agent 的自写 doctest 已观察到 args/kwargs 形状不一致，随后用上游默认行为解释差异并仍宣布完成",assistant_first_pass,codex_assistant,false
dynaconf__settings_merge_core__001,not_tested,non_delivery,no_submission;early_tool_termination,没有提交进入 evaluator 因而不存在 TASK–测试对齐问题,"Agent 进行了 26 个终端动作但没有编辑 submission，随后以 tool_validation_error 结束",assistant_first_pass,codex_assistant,false
flake8__plugin_options_core__hard3_001,ambiguous,not_attributable,unnamed_entrypoint,TASK 要求 OptionManager 注册插件选项但没有声明完成该行为的方法名或签名,"Agent 实现并自测 register_plugins，而 evaluator 调用 register_options；契约不足以唯一确定入口",assistant_first_pass,codex_assistant,false
flask__route_dispatch_core__001,ambiguous,not_attributable,undeclared_equality_protocol,TASK 要求 Response normalization 但没有声明 Response 对象相等协议,"Evaluator 通过 Response(...) == Response(...) 判断正确性；Agent 的 body/status 已相同但未实现未公开的 __eq__ 语义",assistant_first_pass,codex_assistant,false
hatch__project_metadata_core__hard3_001,misaligned,not_attributable,undeclared_normalization_rule,TASK 的精确行为只写 lowercases names 而 evaluator 额外要求把空格规范化为连字符,"Agent 返回小写名称满足字面契约，失败来自测试增加的 separator canonicalization",assistant_first_pass,codex_assistant,false
importlib_resources__traversable_tree_core__hard3_001,aligned,false_contract_closure,construction_path_gap;unsupported_completion_claim,TASK 明确要求 files(anchor) 返回可构造的 FileTraversable,"Agent 实现并验证多类资源读取，但未覆盖 pathlib 子类在当前 Python 版本上的实际构造路径",assistant_first_pass,codex_assistant,false
installer__wheel_record_core__hard3_001,aligned,false_contract_closure,cardinality_boundary_gap;unsupported_completion_claim,TASK 明确说 find_dist_info 定位 unique .dist-info directory,"Agent 的 36 项自测覆盖单候选与无候选，未覆盖多个候选必须拒绝的唯一性边界",assistant_first_pass,codex_assistant,false
jupyter_core__paths_resolver_core__hard3_001,aligned,false_contract_closure,cross_platform_path_gap;unsupported_completion_claim,TASK 明确要求 deterministic Windows defaults independent of host platform,"Agent 的 evaluator-style 自测没有在 POSIX 主机上验证 Windows 路径不能经 pathlib 重新解释",assistant_first_pass,codex_assistant,false
keyring__backend_select_core__hard3_001,aligned,false_contract_closure,name_resolution_gap;unsupported_completion_claim,TASK 明确要求 PYTHON_KEYRING_BACKEND 匹配 backend name or class,"Agent 的 33 项本地测试没有覆盖环境变量用实例 label/name 选择候选的路径",assistant_first_pass,codex_assistant,false
mkdocs__plugin_config_core__hard3_001,aligned,false_contract_closure,registry_state_gap;unsupported_completion_claim,TASK 明确要求 load 后 run_event 按 priority 执行 hook_registry,"Agent 修改自写测试使其通过并宣布完成，但验证没有证明 load 后 hook 已进入实际事件注册表",assistant_first_pass,codex_assistant,false
multidict__multidict_mutation_core__hard3_001,ambiguous,not_attributable,unspecified_getone_precedence,TASK 只明确 popone 删除最近值，没有规定 __getitem__/getone 在重复键上取最早还是最新,"Agent 有意沿用上游 getone 最早值，evaluator 额外要求 __getitem__ 返回最新值",assistant_first_pass,codex_assistant,false
parsel__selector_namespace_core__hard3_001,misaligned,not_attributable,undeclared_api;post_run_task_fixed,运行时 TASK 未声明 Selector.get/getall 但 evaluator 调用 css(...).get(),"当前仓库 TASK 已在实验后补入 get/getall，证明旧实验的接口契约不完整",assistant_first_pass,codex_assistant,false
paste__dispatch_map_core__001,misaligned,not_attributable,undeclared_response_body,TASK 只要求未匹配路径返回 HTTP 404 status,"Agent 已返回 404 状态，evaluator 继续要求正文包含字面量 404，属于未公开的输出格式要求",assistant_first_pass,codex_assistant,false
pluggy__hook_wrapper_core__hard3_001,misaligned,not_attributable,undeclared_api,运行时 TASK 声明 call_extra 与 hook ordering 但没有声明 call_historic,"Evaluator 的首个失败直接调用未公开的 call_historic 及其参数签名",assistant_first_pass,codex_assistant,false
pygments__lexer_core__001,aligned,false_contract_closure,option_semantics_gap;unsupported_completion_claim,TASK 明确列出 stripall option removes whitespace tokens,"Agent 自测覆盖基础 tokenization 与选项，但未验证 stripall 后不得残留普通 Text whitespace token",assistant_first_pass,codex_assistant,false
pylint__config_find_core__001,aligned,step_budget_exhaustion,incomplete_export;context_violation,TASK 明确要求顶层导出 PyLinter,"Agent 持续读取和移植大模块，最终 step_limit_exceeded，submission 中没有形成可导入的 PyLinter",assistant_first_pass,codex_assistant,false
pytest__ini_markers_core__001,misaligned,not_attributable,undeclared_api;post_run_task_fixed,运行时 TASK 只声明 MarkerRegistry.from_ini 而 evaluator 调用 from_lines,"当前仓库 TASK 已在实验后补入 from_lines/add_line/description，旧实验失败不能视为 Agent 漏实现已知 API",assistant_first_pass,codex_assistant,false
pytest__marker_registry_core__hard3_001,ambiguous,not_attributable,unspecified_exception_type,TASK 只说 strict unknown marker raises 且导出 UnknownMarkerWarning，没有规定必须抛 KeyError,"Agent 抛出 UnknownMarkerWarning，evaluator 私下要求 KeyError；两种行为无法由公开契约裁决",assistant_first_pass,codex_assistant,false
python_decouple__config_repository_core__001,aligned,false_contract_closure,parser_grammar_gap;unsupported_completion_claim,TASK 明确列出 .env quoted-value and comment parsing,"Agent 的 39 项自测未包含引号值后带行尾注释的组合语法，解析器把引号和注释一并保留",assistant_first_pass,codex_assistant,false
readme_renderer__content_type_core__hard3_001,misaligned,not_attributable,undeclared_output_marker,TASK 要求按 content_type 选择 Markdown renderer 但没有要求输出 HTML 包含字面量 markdown,"Agent 已把 # Title 渲染成 h1，evaluator 仍以输出中是否出现 markdown 字样判定，断言不对应公开行为",assistant_first_pass,codex_assistant,false
responses__request_matcher_core__hard3_001,ambiguous,not_attributable,unspecified_call_history_semantics,TASK 声明 call_history 存在且 reset 清空，但没有规定未匹配 find 也必须写入 history,"Evaluator 要求 once response 被移除后的第二次失败查找仍增加 call_history，公开契约没有该规则",assistant_first_pass,codex_assistant,false
scrapy__item_loader_core__hard3_001,aligned,false_contract_closure,input_shape_gap;unsupported_completion_claim,TASK 的 ItemLoader 参数明确允许 type[Item] 或 Item,"Agent 的 85 项自测未覆盖传入 Item 类时必须先实例化，直接把类当 mapping 调用实例方法",assistant_first_pass,codex_assistant,false
tox__factor_expression_core__hard3_001,aligned,false_contract_closure,combinatorial_boundary_gap;unsupported_completion_claim,TASK 明确要求 find_envs 展开 brace factor expressions,"Agent 自测和 differential 检查没有覆盖 {lint,test}-py 这种 brace group 的笛卡尔展开",assistant_first_pass,codex_assistant,false
typer__command_parser_core__001,aligned,step_budget_exhaustion,incomplete_submodule;context_violation,TASK 明确要求 featurelifted.testing.CliRunner,"Agent 在移植 Typer/Click 依赖闭包时达到 step_limit_exceeded，submission 未形成 testing 子模块",assistant_first_pass,codex_assistant,false
yamale__schema_validate_core__hard3_001,aligned,false_contract_closure,grammar_alternative_gap;unsupported_completion_claim,TASK 明确要求 primitive types 且 make_schema 解析 schema 文本,"Agent 的本地测试覆盖 validator call 形式但未覆盖任务要求的 bare primitive shorthand",assistant_first_pass,codex_assistant,false
zope_interface__adapter_registry_core__001,aligned,false_contract_closure,state_guard_gap;unsupported_completion_claim,TASK 的 unregister 签名包含 value 并返回 bool,"Agent 的移植与自测覆盖注册/删除，但未验证传入不匹配 value 时不得删除并应返回 False",assistant_first_pass,codex_assistant,false
