task_id,model,arm,source,attempt,retained_run_json,run_json_sha256,selection_reason,old_functional_pass,new_attempt_functional_pass,retained_functional_pass,old_first_outcome,attempt01_first_outcome,retained_first_outcome,attempt01_delivered,attempt01_api_error_without_submission,unresolved_service_failure
deepdiff__deep_compare_core__001,deepseek-v4-pro,contract_only,unresolved_keep_original,original,experiments/python/openhands/deepseek-v4-pro/source-ablation-40-r1/contract_only/deepdiff__deep_compare_core__001/run.json,c9568f58357559197a41cb1b5c6fa1a978ff0337236b9539aac879c074cfeafb,unresolved_service_failure_timeout_empty,0,0,0,Missing,Missing,Missing,0,1,1
mako__lexer_expression_core__001,deepseek-v4-pro,contract_only,unresolved_keep_original,original,experiments/python/openhands/deepseek-v4-pro/source-ablation-40-r1/contract_only/mako__lexer_expression_core__001/run.json,9234b6577981556636145606fd9c00b542125ec1efff0ef3ed738cffada26920,unresolved_service_failure_timeout_empty,0,0,0,Missing,Missing,Missing,0,1,1
parso__python_parse_core__001,deepseek-v4-pro,contract_only,original_unchanged_22,original,experiments/python/openhands/deepseek-v4-pro/source-ablation-40-r1/contract_only/parso__python_parse_core__001/run.json,9a930532b379602c6e262a97d462908b03fedf68651457b1a5e15caf6dac3be5,not_in_timeout_empty_set,0,,0,Public,,Public,,,0
pydantic_v1__validation_error_core__001,deepseek-v4-pro,contract_only,original_unchanged_22,original,experiments/python/openhands/deepseek-v4-pro/source-ablation-40-r1/contract_only/pydantic_v1__validation_error_core__001/run.json,036c02d5c0435dd6ec01880e89ada03234d62cc2429779d876dbf7b598c30831,not_in_timeout_empty_set,0,,0,Hidden,,Hidden,,,0
pytest__ini_markers_core__001,deepseek-v4-pro,contract_only,original_unchanged_22,original,experiments/python/openhands/deepseek-v4-pro/source-ablation-40-r1/contract_only/pytest__ini_markers_core__001/run.json,407d12abc58ebbaf399f30e411078a19d95dd65504570c0800606f25a0323d33,not_in_timeout_empty_set,0,,0,Public,,Public,,,0
decorator__signature_preserving_core__001,deepseek-v4-pro,contract_only,original_unchanged_22,original,experiments/python/openhands/deepseek-v4-pro/source-ablation-40-r1/contract_only/decorator__signature_preserving_core__001/run.json,ab42fd86d3ee8e368a29c0a14734ac70c4bb884736d7e24610733ea4bf1194ae,not_in_timeout_empty_set,1,,1,Pass,,Pass,,,0
hatch__project_metadata_core__hard3_001,deepseek-v4-pro,contract_only,original_unchanged_22,original,experiments/python/openhands/deepseek-v4-pro/source-ablation-40-r1/contract_only/hatch__project_metadata_core__hard3_001/run.json,c2cbcc043e11b524daba3643012d711a506e8556f0f267a39cfaf2e9ae9c471d,not_in_timeout_empty_set,0,,0,Public,,Public,,,0
astroid__nodes_core__001,deepseek-v4-pro,contract_only,original_unchanged_22,original,experiments/python/openhands/deepseek-v4-pro/source-ablation-40-r1/contract_only/astroid__nodes_core__001/run.json,404746d06ac6fd36ed18ad9582579f5010b9256c7057e67160d9b87505f045bc,not_in_timeout_empty_set,0,,0,Hidden,,Hidden,,,0
babel__plural_core__001,deepseek-v4-pro,contract_only,unresolved_keep_original,original,experiments/python/openhands/deepseek-v4-pro/source-ablation-40-r1/contract_only/babel__plural_core__001/run.json,b60eecbf13751732e98f4e4b0dc60ee2bf76bb499959b912c60a16f6e045bc20,unresolved_service_failure_timeout_empty,0,0,0,Missing,Missing,Missing,0,1,1
attrs__validators_core__001,deepseek-v4-pro,contract_only,unresolved_keep_original,original,experiments/python/openhands/deepseek-v4-pro/source-ablation-40-r1/contract_only/attrs__validators_core__001/run.json,be1fe319adf6b1979f8908eda7872e353b6f4e715169d1f17dc41811a315342e,unresolved_service_failure_timeout_empty,0,0,0,Missing,Missing,Missing,0,1,1
jinja2__loader_inheritance_core__001,deepseek-v4-pro,contract_only,original_unchanged_22,original,experiments/python/openhands/deepseek-v4-pro/source-ablation-40-r1/contract_only/jinja2__loader_inheritance_core__001/run.json,f3eec3a6c0db8d5b68c75004b8f34554280d3020e233c4023be65bef77537d9f,not_in_timeout_empty_set,1,,1,Pass,,Pass,,,0
pluggy__hook_wrapper_core__hard3_001,deepseek-v4-pro,contract_only,unresolved_keep_original,original,experiments/python/openhands/deepseek-v4-pro/source-ablation-40-r1/contract_only/pluggy__hook_wrapper_core__hard3_001/run.json,216e1bc6897121f222f7d25217a2573e6d8d6e724e1839e7a637e93684c4751f,unresolved_service_failure_timeout_empty,0,0,0,Missing,Missing,Missing,0,1,1
requests_cache__cache_key_core__hard3_001,deepseek-v4-pro,contract_only,recovery_attempt01,attempt-01,experiments/python/openhands/deepseek-v4-pro/source-ablation-40-contract-recovery-20260915T103500Z/attempt-01/contract_only/requests_cache__cache_key_core__hard3_001/run.json,655c11e02947795e06bdabf2cbd3608f62c9ff75fd1e3febd0d5f323a16d943c,recovery_attempt01_valid_outcome,0,0,0,Missing,Public,Public,1,0,0
tomlkit__roundtrip_document__001,deepseek-v4-pro,contract_only,recovery_attempt01,attempt-01,experiments/python/openhands/deepseek-v4-pro/source-ablation-40-contract-recovery-20260915T103500Z/attempt-01/contract_only/tomlkit__roundtrip_document__001/run.json,f5fe784da3f2a5e339d2ecd99469963c56ade7cc8e2fa7e38079041f175f4953,recovery_attempt01_valid_outcome,0,0,0,Missing,Public,Public,1,0,0
python_decouple__config_repository_core__001,deepseek-v4-pro,contract_only,original_unchanged_22,original,experiments/python/openhands/deepseek-v4-pro/source-ablation-40-r1/contract_only/python_decouple__config_repository_core__001/run.json,e8b1efeb4eec91481b546fee52fbd7bd467c7ca4e0f354efca7a1b3d46251e8b,not_in_timeout_empty_set,0,,0,Public,,Public,,,0
voluptuous__schema_validate_core__001,deepseek-v4-pro,contract_only,unresolved_keep_original,original,experiments/python/openhands/deepseek-v4-pro/source-ablation-40-r1/contract_only/voluptuous__schema_validate_core__001/run.json,1d66f5fdbc87e492916b057bb15e3f5611bd0cb9df5b5d0a03d74baa64bfabd0,unresolved_service_failure_timeout_empty,0,0,0,Missing,Missing,Missing,0,1,1
lark__parse_tree_core__001,deepseek-v4-pro,contract_only,unresolved_keep_original,original,experiments/python/openhands/deepseek-v4-pro/source-ablation-40-r1/contract_only/lark__parse_tree_core__001/run.json,37fe8d533c10d09c4d1cfb65c4d23cd0eea77af5d2e27998ed52e7604f7c1160,unresolved_service_failure_timeout_empty,0,0,0,Missing,Missing,Missing,0,1,1
platformdirs__app_dirs_core__hard3_001,deepseek-v4-pro,contract_only,recovery_attempt01,attempt-01,experiments/python/openhands/deepseek-v4-pro/source-ablation-40-contract-recovery-20260915T103500Z/attempt-01/contract_only/platformdirs__app_dirs_core__hard3_001/run.json,eafd829868ed3ab556798abb03105ddf9cddfefcc866a04811ee218c7f03dd3d,recovery_attempt01_valid_outcome,0,0,0,Missing,Public,Public,1,0,0
setuptools_scm__version_normalize_core__hard3_001,deepseek-v4-pro,contract_only,original_unchanged_22,original,experiments/python/openhands/deepseek-v4-pro/source-ablation-40-r1/contract_only/setuptools_scm__version_normalize_core__hard3_001/run.json,54a4fa847f5709c2cf3921d9971161146ad0e7cafe7b2a3af750299926ad86cc,not_in_timeout_empty_set,0,,0,Hidden,,Hidden,,,0
yamale__schema_validate_core__hard3_001,deepseek-v4-pro,contract_only,original_unchanged_22,original,experiments/python/openhands/deepseek-v4-pro/source-ablation-40-r1/contract_only/yamale__schema_validate_core__hard3_001/run.json,df57ba38867df87e735f04ab653f414df33c2685027fe1e22f48dc92ee78f87c,not_in_timeout_empty_set,0,,0,Public,,Public,,,0
humanize__naturaltime_core__001,deepseek-v4-pro,contract_only,unresolved_keep_original,original,experiments/python/openhands/deepseek-v4-pro/source-ablation-40-r1/contract_only/humanize__naturaltime_core__001/run.json,7844d3eb48f3cfdf9f1c424ee656e29e0ae8da4ee3d5d1ad517adb255816b0a1,unresolved_service_failure_timeout_empty,0,0,0,Missing,Missing,Missing,0,1,1
dateutil__zone_resolver_core__hard3_001,deepseek-v4-pro,contract_only,original_unchanged_22,original,experiments/python/openhands/deepseek-v4-pro/source-ablation-40-r1/contract_only/dateutil__zone_resolver_core__hard3_001/run.json,9ee9768546f6342e4e9898742a95c1c03934d1cb52a2abce7be1be1a60e7424a,not_in_timeout_empty_set,0,,0,Hidden,,Hidden,,,0
license_expression__policy_core__hard3_001,deepseek-v4-pro,contract_only,unresolved_keep_original,original,experiments/python/openhands/deepseek-v4-pro/source-ablation-40-r1/contract_only/license_expression__policy_core__hard3_001/run.json,8d904b396272369b8549e7b9b30ffea8189c6ead440fcb943dae07da9e8689f2,unresolved_service_failure_timeout_empty,0,0,0,Missing,Missing,Missing,0,1,1
bleach__sanitize_core__001,deepseek-v4-pro,contract_only,recovery_attempt01,attempt-01,experiments/python/openhands/deepseek-v4-pro/source-ablation-40-contract-recovery-20260915T103500Z/attempt-01/contract_only/bleach__sanitize_core__001/run.json,0e516e9a5097ffaad7fc2a9d06f8b3b20e8cb74a65bc82e850264dc5d441d975,recovery_attempt01_valid_outcome,0,0,0,Missing,Hidden,Hidden,1,0,0
environs__typed_env_core__001,deepseek-v4-pro,contract_only,original_unchanged_22,original,experiments/python/openhands/deepseek-v4-pro/source-ablation-40-r1/contract_only/environs__typed_env_core__001/run.json,bbb478eba4eb25a39bda9f7aa891ccb6495b1feec4bff0d600bac6a028917849,not_in_timeout_empty_set,0,,0,Hidden,,Hidden,,,0
pytest__mark_expression_core__001,deepseek-v4-pro,contract_only,original_unchanged_22,original,experiments/python/openhands/deepseek-v4-pro/source-ablation-40-r1/contract_only/pytest__mark_expression_core__001/run.json,528c2a83a26cd6e169f14ff16941313f7b4eac78872d6e579bf3140bb6ccb275,not_in_timeout_empty_set,1,,1,Pass,,Pass,,,0
bidict__bidirectional_map_core__001,deepseek-v4-pro,contract_only,original_unchanged_22,original,experiments/python/openhands/deepseek-v4-pro/source-ablation-40-r1/contract_only/bidict__bidirectional_map_core__001/run.json,5e82f0be099f5465b3549d304763100a69ac8111707bf7c00d9ca2f752238645,not_in_timeout_empty_set,1,,1,Pass,,Pass,,,0
celery__signal_dispatch_core__hard3_001,deepseek-v4-pro,contract_only,original_unchanged_22,original,experiments/python/openhands/deepseek-v4-pro/source-ablation-40-r1/contract_only/celery__signal_dispatch_core__hard3_001/run.json,0a42601439954104abc56afba274131b3482457a772732d3ab1cd4e9bd77b3a5,not_in_timeout_empty_set,0,,0,Public,,Public,,,0
schema__nested_validate_core__hard3_001,deepseek-v4-pro,contract_only,original_unchanged_22,original,experiments/python/openhands/deepseek-v4-pro/source-ablation-40-r1/contract_only/schema__nested_validate_core__hard3_001/run.json,226b995bcbfa861f19c75527fdaebc5a68f96193000cddc3a8c830901341023e,not_in_timeout_empty_set,1,,1,Pass,,Pass,,,0
ruamel_yaml__roundtrip_core__001,deepseek-v4-pro,contract_only,original_unchanged_22,original,experiments/python/openhands/deepseek-v4-pro/source-ablation-40-r1/contract_only/ruamel_yaml__roundtrip_core__001/run.json,d2d4a629b8aa2cd03cee67ac451d1aec210b8f001951276212dc7d4c32ec142b,not_in_timeout_empty_set,1,,1,Pass,,Pass,,,0
pluggy__hook_call_order__001,deepseek-v4-pro,contract_only,recovery_attempt01,attempt-01,experiments/python/openhands/deepseek-v4-pro/source-ablation-40-contract-recovery-20260915T103500Z/attempt-01/contract_only/pluggy__hook_call_order__001/run.json,a193c5372a213ea81b4030bfbfa62929e2583a6db0d208eb238c2c16352937c6,recovery_attempt01_valid_outcome,0,1,1,Missing,Pass,Pass,1,0,0
httpx__request_model_core__001,deepseek-v4-pro,contract_only,original_unchanged_22,original,experiments/python/openhands/deepseek-v4-pro/source-ablation-40-r1/contract_only/httpx__request_model_core__001/run.json,89ce079fd1ae69388ee2e1ab3d82f92335cba0bdc80507f23f2170ad10b983cf,not_in_timeout_empty_set,0,,0,Hidden,,Hidden,,,0
flake8__plugin_options_core__hard3_001,deepseek-v4-pro,contract_only,original_unchanged_22,original,experiments/python/openhands/deepseek-v4-pro/source-ablation-40-r1/contract_only/flake8__plugin_options_core__hard3_001/run.json,28bec780d801ed16e8a3024440820803a0da00b61783a21930906d1db512ed10,not_in_timeout_empty_set,0,,0,Public,,Public,,,0
coverage__source_selection_core__001,deepseek-v4-pro,contract_only,unresolved_keep_original,original,experiments/python/openhands/deepseek-v4-pro/source-ablation-40-r1/contract_only/coverage__source_selection_core__001/run.json,ec85379bba9f62a5688b3d07f0b6c24b562d5203e3818326025e10c49425f7ab,unresolved_service_failure_timeout_empty,0,0,0,Missing,Missing,Missing,0,1,1
jsonpointer__resolve_core__001,deepseek-v4-pro,contract_only,unresolved_keep_original,original,experiments/python/openhands/deepseek-v4-pro/source-ablation-40-r1/contract_only/jsonpointer__resolve_core__001/run.json,b05f15d095fabd1ce58fa8977bf9022045ff03e3388c519dafbbdb49143fed40,unresolved_service_failure_timeout_empty,0,0,0,Missing,Missing,Missing,0,1,1
readme_renderer__content_type_core__hard3_001,deepseek-v4-pro,contract_only,original_unchanged_22,original,experiments/python/openhands/deepseek-v4-pro/source-ablation-40-r1/contract_only/readme_renderer__content_type_core__hard3_001/run.json,fb402a702499440aae2938dff1c01620d45808c3efe7b4f48a147b39347921f7,not_in_timeout_empty_set,0,,0,Public,,Public,,,0
poetry_core__dependency_groups_core__hard3_001,deepseek-v4-pro,contract_only,original_unchanged_22,original,experiments/python/openhands/deepseek-v4-pro/source-ablation-40-r1/contract_only/poetry_core__dependency_groups_core__hard3_001/run.json,3d4e9859b1d8f9c3031a81d584dd61ac5f79669060b0c0c0e37c6823ba123af1,not_in_timeout_empty_set,0,,0,Public,,Public,,,0
wsproto__frame_parse_core__001,deepseek-v4-pro,contract_only,recovery_attempt01,attempt-01,experiments/python/openhands/deepseek-v4-pro/source-ablation-40-contract-recovery-20260915T103500Z/attempt-01/contract_only/wsproto__frame_parse_core__001/run.json,befc5754da9928709fbb0337e6e288c433390cee0e50599317ed4401ef999e89,recovery_attempt01_valid_outcome,0,0,0,Missing,Public,Public,1,0,0
markdown_it__commonmark_render__001,deepseek-v4-pro,contract_only,original_unchanged_22,original,experiments/python/openhands/deepseek-v4-pro/source-ablation-40-r1/contract_only/markdown_it__commonmark_render__001/run.json,d94b0e78e8631fc61f306853661fbec78a33fc317de9434ea7b367f4adbdc77f,not_in_timeout_empty_set,0,,0,Public,,Public,,,0
sqlparse__token_tree_core__001,deepseek-v4-pro,contract_only,unresolved_keep_original,original,experiments/python/openhands/deepseek-v4-pro/source-ablation-40-r1/contract_only/sqlparse__token_tree_core__001/run.json,6b4b27589858d3577e0878a19d9c5200fef8577d47df96fe300076e254e3e0f9,unresolved_service_failure_timeout_empty,0,0,0,Missing,Missing,Missing,0,1,1
