task_id,construction,hard3,lift_type,feature_family,pass_Pro,stage_Pro,pass_Flash,stage_Flash,pass_Luna,stage_Luna,pass_Qwen,stage_Qwen,pass_OSS,stage_OSS,num_models_solved,n_models,solved_over_n,difficulty_level
aiohttp__url_params_core__hard3_001,hard3,True,Adapted,validate_normalize_construct,0,hidden_failure,0,hidden_failure,1,functional_pass,0,hidden_failure,0,hidden_failure,1,5,1/5,hard_tail
alembic__revision_map_core__hard3_001,hard3,True,Adapted,algorithm_data_structure,0,public_failure,0,public_failure,0,public_failure,0,public_failure,0,public_failure,0,5,0/5,unsolved
apscheduler__cron_trigger_core__hard3_001,hard3,True,Adapted,protocol_state_transition,1,functional_pass,1,functional_pass,0,public_failure,0,public_failure,1,functional_pass,3,5,3/5,mixed
arrow__parse_format_core__001,core100,False,Adapted,parse_tokenize_decode,1,functional_pass,1,functional_pass,0,missing_submission,0,public_failure,0,public_failure,2,5,2/5,hard_tail
astroid__nodes_core__001,core100,False,Adapted,parse_tokenize_decode,1,functional_pass,1,functional_pass,0,hidden_failure,0,hidden_failure,0,public_failure,2,5,2/5,hard_tail
attrs__validators_core__001,core100,False,Direct,validate_normalize_construct,1,functional_pass,1,functional_pass,1,functional_pass,0,hidden_failure,0,public_failure,3,5,3/5,mixed
babel__plural_core__001,core100,False,Adapted,cache_retry_policy,1,functional_pass,1,functional_pass,1,functional_pass,0,missing_submission,0,hidden_failure,3,5,3/5,mixed
bidict__bidirectional_map_core__001,core100,False,Direct,algorithm_data_structure,1,functional_pass,1,functional_pass,1,functional_pass,0,missing_submission,1,functional_pass,4,5,4/5,easy
bleach__sanitize_core__001,core100,False,Adapted,validate_normalize_construct,1,functional_pass,0,hidden_failure,1,functional_pass,0,build_failure,0,public_failure,2,5,2/5,hard_tail
blinker__signal_registry_core__001,core100,False,Direct,registry_plugin_dispatch,1,functional_pass,1,functional_pass,1,functional_pass,1,functional_pass,0,build_failure,4,5,4/5,easy
boltons__iterutils_core__001,core100,False,Adapted,algorithm_data_structure,1,functional_pass,1,functional_pass,1,functional_pass,1,functional_pass,1,functional_pass,5,5,5/5,solved_by_all
build__pyproject_backend_core__hard3_001,hard3,True,Adapted,validate_normalize_construct,0,public_failure,0,public_failure,0,public_failure,0,public_failure,0,public_failure,0,5,0/5,unsolved
cachetools__cache_eviction_core__001,core100,False,Direct,cache_retry_policy,1,functional_pass,1,functional_pass,1,functional_pass,1,functional_pass,1,functional_pass,5,5,5/5,solved_by_all
cattrs__structure_core__001,core100,False,Direct,serialize_format_render,1,functional_pass,1,functional_pass,1,functional_pass,1,functional_pass,0,public_failure,4,5,4/5,easy
celery__signal_dispatch_core__hard3_001,hard3,True,Adapted,registry_plugin_dispatch,0,public_failure,0,public_failure,0,public_failure,0,public_failure,0,public_failure,0,5,0/5,unsolved
cerberus__schema_validate_core__001,core100,False,Direct,validate_normalize_construct,1,functional_pass,1,functional_pass,0,hidden_failure,0,hidden_failure,0,public_failure,2,5,2/5,hard_tail
chameleon__template_compile_core__001,core100,False,Adapted,serialize_format_render,1,functional_pass,1,functional_pass,1,functional_pass,0,missing_submission,0,build_failure,3,5,3/5,mixed
click__lazy_command_core__hard3_001,hard3,True,Adapted,registry_plugin_dispatch,0,public_failure,0,public_failure,0,public_failure,0,public_failure,0,public_failure,0,5,0/5,unsolved
click__option_parser__001,core100,False,Adapted,parse_tokenize_decode,1,functional_pass,1,functional_pass,1,functional_pass,0,public_failure,0,public_failure,3,5,3/5,mixed
configobj__roundtrip_config_core__001,core100,False,Direct,config_resolve_discover,1,functional_pass,1,functional_pass,1,functional_pass,0,public_failure,0,public_failure,3,5,3/5,mixed
cookiecutter__repo_finder_core__hard3_001,hard3,True,Composite,config_resolve_discover,0,public_failure,0,public_failure,0,missing_submission,0,public_failure,0,public_failure,0,5,0/5,unsolved
coverage__config_merge_core__001,core100,False,Adapted,config_resolve_discover,1,functional_pass,1,functional_pass,1,functional_pass,1,functional_pass,0,hidden_failure,4,5,4/5,easy
coverage__glob_matcher_core__001,core100,False,Direct,config_resolve_discover,1,functional_pass,1,functional_pass,1,functional_pass,1,functional_pass,1,functional_pass,5,5,5/5,solved_by_all
coverage__path_remap_core__001,core100,False,Adapted,config_resolve_discover,1,functional_pass,1,functional_pass,0,build_failure,1,functional_pass,1,functional_pass,4,5,4/5,easy
coverage__report_core__001,core100,False,Adapted,serialize_format_render,1,functional_pass,1,functional_pass,1,functional_pass,0,public_failure,0,public_failure,3,5,3/5,mixed
coverage__source_selection_core__001,core100,False,Adapted,config_resolve_discover,1,functional_pass,1,functional_pass,1,functional_pass,0,public_failure,0,hidden_failure,3,5,3/5,mixed
croniter__cron_parse_core__001,core100,False,Direct,protocol_state_transition,1,functional_pass,1,functional_pass,0,public_failure,0,build_failure,0,public_failure,2,5,2/5,hard_tail
dataclasses_json__serde_core__001,core100,False,Direct,serialize_format_render,1,functional_pass,1,functional_pass,1,functional_pass,1,functional_pass,0,public_failure,4,5,4/5,easy
dateutil__zone_resolver_core__hard3_001,hard3,True,Composite,resource_metadata_loading,1,functional_pass,0,hidden_failure,0,missing_submission,0,public_failure,0,hidden_failure,1,5,1/5,hard_tail
decorator__signature_preserving_core__001,core100,False,Direct,workflow_session_orchestration,0,public_failure,0,public_failure,0,public_failure,0,public_failure,0,public_failure,0,5,0/5,unsolved
deepdiff__deep_compare_core__001,core100,False,Direct,algorithm_data_structure,1,functional_pass,1,functional_pass,0,missing_submission,0,build_failure,0,public_failure,2,5,2/5,hard_tail
diskcache__eviction_policy_core__hard3_001,hard3,True,Composite,cache_retry_policy,1,functional_pass,1,functional_pass,1,functional_pass,1,functional_pass,1,functional_pass,5,5,5/5,solved_by_all
distlib__wheel_metadata_core__hard3_001,hard3,True,Adapted,resource_metadata_loading,1,functional_pass,1,functional_pass,1,functional_pass,1,functional_pass,1,functional_pass,5,5,5/5,solved_by_all
dynaconf__settings_merge_core__001,core100,False,Adapted,config_resolve_discover,1,functional_pass,1,functional_pass,1,functional_pass,0,public_failure,0,public_failure,3,5,3/5,mixed
email_validator__validate_core__001,core100,False,Direct,parse_tokenize_decode,1,functional_pass,1,functional_pass,0,public_failure,1,functional_pass,0,isolation_failure,3,5,3/5,mixed
environs__typed_env_core__001,core100,False,Direct,config_resolve_discover,1,functional_pass,1,functional_pass,1,functional_pass,1,functional_pass,1,functional_pass,5,5,5/5,solved_by_all
faker__provider_core__001,core100,False,Direct,resource_metadata_loading,1,functional_pass,1,functional_pass,1,functional_pass,0,public_failure,0,public_failure,3,5,3/5,mixed
filelock__reentrant_lock_core__001,core100,False,Adapted,workflow_session_orchestration,0,public_failure,0,public_failure,0,public_failure,0,missing_submission,0,public_failure,0,5,0/5,unsolved
flake8__plugin_options_core__hard3_001,hard3,True,Composite,registry_plugin_dispatch,0,public_failure,0,public_failure,0,public_failure,0,public_failure,0,public_failure,0,5,0/5,unsolved
flask__route_dispatch_core__001,core100,False,Adapted,registry_plugin_dispatch,0,public_failure,0,public_failure,0,public_failure,0,public_failure,0,build_failure,0,5,0/5,unsolved
fs__url_opener_core__hard3_001,hard3,True,Adapted,registry_plugin_dispatch,1,functional_pass,1,functional_pass,0,public_failure,0,public_failure,0,public_failure,2,5,2/5,hard_tail
fsspec__url_chain_core__hard3_001,hard3,True,Adapted,config_resolve_discover,1,functional_pass,1,functional_pass,1,functional_pass,0,hidden_failure,0,public_failure,3,5,3/5,mixed
glom__spec_eval_core__hard3_001,hard3,True,Adapted,algorithm_data_structure,1,functional_pass,0,hidden_failure,1,functional_pass,0,hidden_failure,0,public_failure,2,5,2/5,hard_tail
h11__message_parse_core__001,core100,False,Direct,protocol_state_transition,1,functional_pass,1,functional_pass,1,functional_pass,1,functional_pass,1,functional_pass,5,5,5/5,solved_by_all
h2__frame_parse_core__001,core100,False,Adapted,protocol_state_transition,1,functional_pass,1,functional_pass,1,functional_pass,1,functional_pass,0,hidden_failure,4,5,4/5,easy
hatch__project_metadata_core__hard3_001,hard3,True,Adapted,resource_metadata_loading,0,public_failure,0,public_failure,0,public_failure,0,public_failure,0,missing_submission,0,5,0/5,unsolved
httpx__request_model_core__001,core100,False,Adapted,validate_normalize_construct,1,functional_pass,1,functional_pass,1,functional_pass,0,missing_submission,0,public_failure,3,5,3/5,mixed
humanize__naturaltime_core__001,core100,False,Direct,serialize_format_render,1,functional_pass,1,functional_pass,1,functional_pass,1,functional_pass,1,functional_pass,5,5,5/5,solved_by_all
importlib_metadata__entry_points_core__001,core100,False,Direct,resource_metadata_loading,1,functional_pass,1,functional_pass,1,functional_pass,0,missing_submission,0,public_failure,3,5,3/5,mixed
importlib_resources__traversable_tree_core__hard3_001,hard3,True,Composite,resource_metadata_loading,1,functional_pass,1,functional_pass,0,hidden_failure,0,hidden_failure,0,hidden_failure,2,5,2/5,hard_tail
installer__wheel_record_core__hard3_001,hard3,True,Adapted,resource_metadata_loading,1,functional_pass,0,hidden_failure,0,hidden_failure,0,hidden_failure,0,hidden_failure,1,5,1/5,hard_tail
intervaltree__interval_tree_core__001,core100,False,Direct,algorithm_data_structure,1,functional_pass,1,functional_pass,1,functional_pass,0,missing_submission,0,public_failure,3,5,3/5,mixed
isodate__duration_parse_core__001,core100,False,Adapted,parse_tokenize_decode,1,functional_pass,1,functional_pass,1,functional_pass,1,functional_pass,1,functional_pass,5,5,5/5,solved_by_all
isort__settings_resolver_core__hard3_001,hard3,True,Adapted,config_resolve_discover,1,functional_pass,1,functional_pass,1,functional_pass,0,missing_submission,0,public_failure,3,5,3/5,mixed
itsdangerous__timed_serializer_core__001,core100,False,Adapted,serialize_format_render,1,functional_pass,1,functional_pass,1,functional_pass,0,hidden_failure,1,functional_pass,4,5,4/5,easy
jinja2__compile_render_core__001,core100,False,Adapted,serialize_format_render,1,functional_pass,1,functional_pass,1,functional_pass,1,functional_pass,1,functional_pass,5,5,5/5,solved_by_all
jinja2__extensions_core__001,core100,False,Adapted,registry_plugin_dispatch,1,functional_pass,1,functional_pass,0,public_failure,1,functional_pass,0,build_failure,3,5,3/5,mixed
jinja2__filters_tests_core__001,core100,False,Adapted,serialize_format_render,1,functional_pass,1,functional_pass,1,functional_pass,1,functional_pass,0,public_failure,4,5,4/5,easy
jinja2__lexer_parser_core__001,core100,False,Adapted,parse_tokenize_decode,1,functional_pass,1,functional_pass,1,functional_pass,0,public_failure,0,public_failure,3,5,3/5,mixed
jinja2__loader_inheritance_core__001,core100,False,Adapted,resource_metadata_loading,1,functional_pass,1,functional_pass,1,functional_pass,1,functional_pass,1,functional_pass,5,5,5/5,solved_by_all
json5__parse_core__001,core100,False,Direct,parse_tokenize_decode,1,functional_pass,1,functional_pass,1,functional_pass,1,functional_pass,0,public_failure,4,5,4/5,easy
json_logic__evaluator_core__hard3_001,hard3,True,Direct,cache_retry_policy,0,hidden_failure,1,functional_pass,1,functional_pass,0,hidden_failure,1,functional_pass,3,5,3/5,mixed
jsonpath_ng__expression_eval_core__001,core100,False,Direct,parse_tokenize_decode,1,functional_pass,1,functional_pass,1,functional_pass,0,missing_submission,0,build_failure,3,5,3/5,mixed
jsonpointer__resolve_core__001,core100,False,Direct,parse_tokenize_decode,1,functional_pass,1,functional_pass,1,functional_pass,1,functional_pass,1,functional_pass,5,5,5/5,solved_by_all
jsonschema__validator_core__001,core100,False,Direct,validate_normalize_construct,1,functional_pass,1,functional_pass,1,functional_pass,0,missing_submission,1,functional_pass,4,5,4/5,easy
jupyter_core__paths_resolver_core__hard3_001,hard3,True,Adapted,config_resolve_discover,0,public_failure,0,public_failure,0,public_failure,0,public_failure,0,public_failure,0,5,0/5,unsolved
jupyter_server__extension_config_core__hard3_001,hard3,True,Composite,registry_plugin_dispatch,1,functional_pass,0,hidden_failure,0,hidden_failure,0,hidden_failure,0,public_failure,1,5,1/5,hard_tail
keyring__backend_select_core__hard3_001,hard3,True,Composite,registry_plugin_dispatch,0,public_failure,0,public_failure,0,hidden_failure,0,missing_submission,0,public_failure,0,5,0/5,unsolved
lark__grammar_loader_core__001,core100,False,Direct,resource_metadata_loading,1,functional_pass,1,functional_pass,1,functional_pass,1,functional_pass,0,build_failure,4,5,4/5,easy
lark__parse_tree_core__001,core100,False,Direct,parse_tokenize_decode,1,functional_pass,1,functional_pass,0,build_failure,0,build_failure,0,build_failure,2,5,2/5,hard_tail
lark__visitor_transform_core__001,core100,False,Adapted,algorithm_data_structure,1,functional_pass,1,functional_pass,1,functional_pass,1,functional_pass,0,public_failure,4,5,4/5,easy
license_expression__policy_core__hard3_001,hard3,True,Direct,parse_tokenize_decode,0,hidden_failure,0,hidden_failure,0,public_failure,0,public_failure,0,public_failure,0,5,0/5,unsolved
mako__lexer_expression_core__001,core100,False,Direct,parse_tokenize_decode,1,functional_pass,1,functional_pass,1,functional_pass,0,public_failure,0,build_failure,3,5,3/5,mixed
markdown__extensions_core__001,core100,False,Adapted,parse_tokenize_decode,1,functional_pass,1,functional_pass,1,functional_pass,1,functional_pass,0,build_failure,4,5,4/5,easy
markdown_it__commonmark_render__001,core100,False,Direct,parse_tokenize_decode,1,functional_pass,1,functional_pass,1,functional_pass,1,functional_pass,1,functional_pass,5,5,5/5,solved_by_all
marshmallow__schema_core__001,core100,False,Direct,serialize_format_render,1,functional_pass,1,functional_pass,1,functional_pass,0,missing_submission,0,public_failure,3,5,3/5,mixed
mkdocs__plugin_config_core__hard3_001,hard3,True,Composite,registry_plugin_dispatch,0,public_failure,0,public_failure,0,public_failure,0,public_failure,0,public_failure,0,5,0/5,unsolved
msgpack__pack_unpack_core__001,core100,False,Adapted,serialize_format_render,1,functional_pass,1,functional_pass,1,functional_pass,0,missing_submission,0,build_failure,3,5,3/5,mixed
multidict__multidict_mutation_core__hard3_001,hard3,True,Direct,algorithm_data_structure,0,public_failure,0,public_failure,0,public_failure,0,public_failure,0,public_failure,0,5,0/5,unsolved
networkx__dag_topo_core__001,core100,False,Direct,algorithm_data_structure,1,functional_pass,1,functional_pass,1,functional_pass,1,functional_pass,0,public_failure,4,5,4/5,easy
packaging__requirement_marker_specifier__001,core100,False,Direct,parse_tokenize_decode,1,functional_pass,1,functional_pass,1,functional_pass,1,functional_pass,0,build_failure,4,5,4/5,easy
parse__format_parser_core__001,core100,False,Direct,parse_tokenize_decode,1,functional_pass,1,functional_pass,1,functional_pass,1,functional_pass,0,public_failure,4,5,4/5,easy
parsel__selector_namespace_core__hard3_001,hard3,True,Adapted,parse_tokenize_decode,0,public_failure,0,public_failure,0,public_failure,0,missing_submission,0,public_failure,0,5,0/5,unsolved
parso__python_parse_core__001,core100,False,Direct,parse_tokenize_decode,1,functional_pass,1,functional_pass,1,functional_pass,1,functional_pass,0,public_failure,4,5,4/5,easy
passlib__hash_context_core__001,core100,False,Direct,validate_normalize_construct,1,functional_pass,1,functional_pass,1,functional_pass,0,hidden_failure,0,hidden_failure,3,5,3/5,mixed
pathvalidate__sanitize_core__001,core100,False,Direct,validate_normalize_construct,1,functional_pass,1,functional_pass,1,functional_pass,0,missing_submission,0,hidden_failure,3,5,3/5,mixed
pendulum__parse_format_core__001,core100,False,Adapted,parse_tokenize_decode,1,functional_pass,0,public_failure,1,functional_pass,0,public_failure,0,public_failure,2,5,2/5,hard_tail
phonenumbers__parse_format_core__001,core100,False,Direct,parse_tokenize_decode,1,functional_pass,1,functional_pass,1,functional_pass,1,functional_pass,0,hidden_failure,4,5,4/5,easy
platformdirs__app_dirs_core__hard3_001,hard3,True,Adapted,config_resolve_discover,0,public_failure,0,public_failure,1,functional_pass,0,missing_submission,0,public_failure,1,5,1/5,hard_tail
pluggy__hook_call_order__001,core100,False,Direct,registry_plugin_dispatch,1,functional_pass,1,functional_pass,1,functional_pass,1,functional_pass,1,functional_pass,5,5,5/5,solved_by_all
pluggy__hook_specs_core__001,core100,False,Direct,registry_plugin_dispatch,1,functional_pass,1,functional_pass,0,missing_submission,1,functional_pass,0,hidden_failure,3,5,3/5,mixed
pluggy__hook_wrapper_core__hard3_001,hard3,True,Adapted,registry_plugin_dispatch,0,public_failure,0,public_failure,0,public_failure,0,missing_submission,0,public_failure,0,5,0/5,unsolved
poetry_core__dependency_groups_core__hard3_001,hard3,True,Composite,resource_metadata_loading,0,public_failure,0,public_failure,0,public_failure,0,public_failure,0,public_failure,0,5,0/5,unsolved
pydantic__field_validator_core__hard3_001,hard3,True,Adapted,validate_normalize_construct,1,functional_pass,0,hidden_failure,1,functional_pass,1,functional_pass,0,public_failure,3,5,3/5,mixed
pydantic_settings__env_source_core__001,core100,False,Adapted,config_resolve_discover,1,functional_pass,1,functional_pass,1,functional_pass,1,functional_pass,0,public_failure,4,5,4/5,easy
pydantic_v1__validation_error_core__001,core100,False,Adapted,validate_normalize_construct,1,functional_pass,1,functional_pass,1,functional_pass,0,missing_submission,0,public_failure,3,5,3/5,mixed
pygments__formatter_core__001,core100,False,Direct,serialize_format_render,1,functional_pass,1,functional_pass,1,functional_pass,0,public_failure,1,functional_pass,4,5,4/5,easy
pygments__lexer_core__001,core100,False,Direct,parse_tokenize_decode,0,hidden_failure,0,hidden_failure,0,build_failure,0,missing_submission,0,public_failure,0,5,0/5,unsolved
pyramid__configurator_action_core__hard3_001,hard3,True,Composite,workflow_session_orchestration,1,functional_pass,1,functional_pass,1,functional_pass,1,functional_pass,1,functional_pass,5,5,5/5,solved_by_all
pytest__fixture_resolve_core__001,core100,False,Composite,registry_plugin_dispatch,1,functional_pass,1,functional_pass,1,functional_pass,1,functional_pass,0,public_failure,4,5,4/5,easy
pytest__ini_markers_core__001,core100,False,Composite,config_resolve_discover,0,public_failure,0,public_failure,0,public_failure,0,hidden_failure,0,public_failure,0,5,0/5,unsolved
pytest__mark_expression_core__001,core100,False,Adapted,parse_tokenize_decode,1,functional_pass,1,functional_pass,1,functional_pass,1,functional_pass,1,functional_pass,5,5,5/5,solved_by_all
pytest__marker_registry_core__hard3_001,hard3,True,Composite,registry_plugin_dispatch,0,hidden_failure,0,hidden_failure,0,hidden_failure,0,hidden_failure,0,hidden_failure,0,5,0/5,unsolved
pytest__skipif_eval_core__001,core100,False,Composite,cache_retry_policy,1,functional_pass,1,functional_pass,1,functional_pass,1,functional_pass,1,functional_pass,5,5,5/5,solved_by_all
python_box__config_box_core__001,core100,False,Direct,config_resolve_discover,1,functional_pass,1,functional_pass,1,functional_pass,1,functional_pass,0,hidden_failure,4,5,4/5,easy
python_dateutil__relativedelta_core__001,core100,False,Direct,algorithm_data_structure,1,functional_pass,0,public_failure,1,functional_pass,1,functional_pass,0,hidden_failure,3,5,3/5,mixed
python_dateutil__rrule_core__001,core100,False,Direct,protocol_state_transition,1,functional_pass,1,functional_pass,1,functional_pass,1,functional_pass,0,public_failure,4,5,4/5,easy
python_decouple__config_repository_core__001,core100,False,Adapted,config_resolve_discover,0,hidden_failure,0,hidden_failure,0,hidden_failure,0,hidden_failure,0,hidden_failure,0,5,0/5,unsolved
python_dotenv__env_parse_core__001,core100,False,Direct,config_resolve_discover,1,functional_pass,1,functional_pass,1,functional_pass,1,functional_pass,1,functional_pass,5,5,5/5,solved_by_all
python_frontmatter__roundtrip_core__001,core100,False,Direct,serialize_format_render,1,functional_pass,1,functional_pass,1,functional_pass,1,functional_pass,1,functional_pass,5,5,5/5,solved_by_all
python_multipart__form_parse_core__001,core100,False,Direct,parse_tokenize_decode,1,functional_pass,1,functional_pass,1,functional_pass,1,functional_pass,1,functional_pass,5,5,5/5,solved_by_all
pyyaml__safe_load_dump__001,core100,False,Adapted,serialize_format_render,1,functional_pass,1,functional_pass,1,functional_pass,1,functional_pass,0,build_failure,4,5,4/5,easy
readme_renderer__content_type_core__hard3_001,hard3,True,Adapted,serialize_format_render,0,public_failure,0,public_failure,0,public_failure,0,build_failure,0,build_failure,0,5,0/5,unsolved
redis__resp_parser_core__001,core100,False,Adapted,protocol_state_transition,1,functional_pass,1,functional_pass,1,functional_pass,1,functional_pass,0,public_failure,4,5,4/5,easy
referencing__json_schema_refs_core__001,core100,False,Adapted,config_resolve_discover,1,functional_pass,1,functional_pass,1,functional_pass,1,functional_pass,0,public_failure,4,5,4/5,easy
requests_cache__cache_key_core__hard3_001,hard3,True,Composite,cache_retry_policy,0,hidden_failure,0,hidden_failure,0,hidden_failure,0,hidden_failure,0,public_failure,0,5,0/5,unsolved
responses__request_matcher_core__hard3_001,hard3,True,Composite,registry_plugin_dispatch,0,hidden_failure,0,hidden_failure,1,functional_pass,0,hidden_failure,0,public_failure,1,5,1/5,hard_tail
returns__result_pipeline_core__hard3_001,hard3,True,Adapted,workflow_session_orchestration,1,functional_pass,1,functional_pass,1,functional_pass,0,hidden_failure,1,functional_pass,4,5,4/5,easy
rfc3986__uri_parse_core__001,core100,False,Adapted,parse_tokenize_decode,1,functional_pass,1,functional_pass,1,functional_pass,1,functional_pass,1,functional_pass,5,5,5/5,solved_by_all
rich__markup_parse_core__001,core100,False,Adapted,parse_tokenize_decode,1,functional_pass,1,functional_pass,0,missing_submission,1,functional_pass,0,build_failure,3,5,3/5,mixed
ruamel_yaml__roundtrip_core__001,core100,False,Adapted,serialize_format_render,1,functional_pass,1,functional_pass,1,functional_pass,1,functional_pass,0,public_failure,4,5,4/5,easy
schema__nested_validate_core__hard3_001,hard3,True,Adapted,validate_normalize_construct,0,hidden_failure,1,functional_pass,1,functional_pass,0,hidden_failure,1,functional_pass,3,5,3/5,mixed
scrapy__item_loader_core__hard3_001,hard3,True,Adapted,registry_plugin_dispatch,0,public_failure,0,public_failure,0,public_failure,0,public_failure,0,public_failure,0,5,0/5,unsolved
setuptools_scm__version_normalize_core__hard3_001,hard3,True,Adapted,resource_metadata_loading,0,public_failure,0,public_failure,0,public_failure,0,public_failure,0,public_failure,0,5,0/5,unsolved
sortedcontainers__sorted_list_core__001,core100,False,Direct,algorithm_data_structure,1,functional_pass,1,functional_pass,1,functional_pass,0,hidden_failure,0,public_failure,3,5,3/5,mixed
sphinx__extension_registry_core__hard3_001,hard3,True,Composite,registry_plugin_dispatch,1,functional_pass,1,functional_pass,1,functional_pass,0,public_failure,1,functional_pass,4,5,4/5,easy
sqlalchemy__event_dispatch_core__hard3_001,hard3,True,Adapted,registry_plugin_dispatch,1,functional_pass,1,functional_pass,1,functional_pass,1,functional_pass,1,functional_pass,5,5,5/5,solved_by_all
sqlparse__format_filters_core__001,core100,False,Direct,serialize_format_render,1,functional_pass,1,functional_pass,0,hidden_failure,1,functional_pass,0,public_failure,3,5,3/5,mixed
sqlparse__parse_format_core__001,core100,False,Adapted,parse_tokenize_decode,1,functional_pass,1,functional_pass,1,functional_pass,0,build_failure,0,build_failure,3,5,3/5,mixed
sqlparse__parse_split_core__001,core100,False,Adapted,parse_tokenize_decode,1,functional_pass,1,functional_pass,1,functional_pass,1,functional_pass,0,public_failure,4,5,4/5,easy
sqlparse__token_tree_core__001,core100,False,Adapted,parse_tokenize_decode,1,functional_pass,1,functional_pass,1,functional_pass,0,missing_submission,0,build_failure,3,5,3/5,mixed
starlette__route_matching_core__hard3_001,hard3,True,Adapted,registry_plugin_dispatch,0,hidden_failure,0,hidden_failure,0,hidden_failure,0,hidden_failure,0,public_failure,0,5,0/5,unsolved
stevedore__extension_manager_core__hard3_001,hard3,True,Composite,registry_plugin_dispatch,1,functional_pass,1,functional_pass,1,functional_pass,1,functional_pass,0,public_failure,4,5,4/5,easy
tabulate__table_format_core__001,core100,False,Direct,serialize_format_render,1,functional_pass,1,functional_pass,1,functional_pass,0,public_failure,0,build_failure,3,5,3/5,mixed
tenacity__retry_state_core__hard3_001,hard3,True,Adapted,cache_retry_policy,1,functional_pass,0,hidden_failure,1,functional_pass,0,missing_submission,0,missing_submission,2,5,2/5,hard_tail
tomlkit__roundtrip_document__001,core100,False,Direct,serialize_format_render,1,functional_pass,1,functional_pass,1,functional_pass,1,functional_pass,1,functional_pass,5,5,5/5,solved_by_all
tox__factor_expression_core__hard3_001,hard3,True,Adapted,parse_tokenize_decode,0,public_failure,0,public_failure,0,public_failure,0,missing_submission,1,functional_pass,1,5,1/5,hard_tail
trafaret__validation_rules_core__hard3_001,hard3,True,Adapted,validate_normalize_construct,1,functional_pass,1,functional_pass,1,functional_pass,0,missing_submission,1,functional_pass,4,5,4/5,easy
transitions__state_machine_core__hard3_001,hard3,True,Adapted,protocol_state_transition,1,functional_pass,1,functional_pass,1,functional_pass,1,functional_pass,0,hidden_failure,4,5,4/5,easy
typer__command_parser_core__001,core100,False,Direct,workflow_session_orchestration,1,functional_pass,0,isolation_failure,1,functional_pass,0,public_failure,0,public_failure,2,5,2/5,hard_tail
urllib3__retry_backoff_core__001,core100,False,Direct,cache_retry_policy,1,functional_pass,1,functional_pass,1,functional_pass,1,functional_pass,0,hidden_failure,4,5,4/5,easy
virtualenv__interpreter_spec_core__hard3_001,hard3,True,Adapted,parse_tokenize_decode,0,public_failure,1,functional_pass,0,hidden_failure,0,missing_submission,0,public_failure,1,5,1/5,hard_tail
voluptuous__schema_validate_core__001,core100,False,Direct,validate_normalize_construct,1,functional_pass,1,functional_pass,1,functional_pass,1,functional_pass,0,hidden_failure,4,5,4/5,easy
websockets__handshake_parse_core__001,core100,False,Adapted,protocol_state_transition,1,functional_pass,1,functional_pass,1,functional_pass,0,public_failure,0,hidden_failure,3,5,3/5,mixed
werkzeug__routing_core__001,core100,False,Adapted,registry_plugin_dispatch,1,functional_pass,1,functional_pass,1,functional_pass,1,functional_pass,0,public_failure,4,5,4/5,easy
wheel__metadata_normalize_core__hard3_001,hard3,True,Adapted,resource_metadata_loading,1,functional_pass,1,functional_pass,1,functional_pass,1,functional_pass,0,hidden_failure,4,5,4/5,easy
wsproto__frame_parse_core__001,core100,False,Adapted,protocol_state_transition,1,functional_pass,1,functional_pass,1,functional_pass,1,functional_pass,1,functional_pass,5,5,5/5,solved_by_all
xmltodict__xml_parse_core__001,core100,False,Direct,serialize_format_render,1,functional_pass,1,functional_pass,1,functional_pass,1,functional_pass,0,hidden_failure,4,5,4/5,easy
yamale__schema_validate_core__hard3_001,hard3,True,Adapted,validate_normalize_construct,0,public_failure,0,public_failure,0,public_failure,0,missing_submission,0,build_failure,0,5,0/5,unsolved
yarl__url_model_core__001,core100,False,Adapted,parse_tokenize_decode,1,functional_pass,1,functional_pass,1,functional_pass,0,public_failure,0,hidden_failure,3,5,3/5,mixed
